{"skeleton":{"hash":"mxxvPpptxTzjDJBIVwrzpT4jhSs","spine":"3.7.94","width":92,"height":31,"images":"./images/","audio":"F:/DIEM/Sicbo/65_Sicbo/anim/Btn_Copy"},"bones":[{"name":"root"},{"name":"light","parent":"root","x":-80.34,"y":3.1},{"name":"clip_copy","parent":"root","x":-0.11,"y":-13.04}],"slots":[{"name":"nen","bone":"root","attachment":"nen"},{"name":"nen_light","bone":"root"},{"name":"clip_copy","bone":"clip_copy","attachment":"clip_copy"},{"name":"COPY","bone":"root","attachment":"COPY"},{"name":"light","bone":"light","attachment":"light"}],"skins":{"default":{"COPY":{"COPY":{"width":59,"height":19}},"clip_copy":{"clip_copy":{"type":"clipping","end":"clip_copy","vertexCount":84,"vertices":[-13.94,19.26,-14.9,22.62,-23.7,22.51,-27,19.76,-28.87,16.35,-29.31,11.51,-27.33,7.11,-23.59,3.92,-18.42,3.59,-14.9,3.92,-14.79,7.55,-11.93,5.02,-9.32,3.63,-7.87,8.78,-9.51,11.51,-9.29,15.36,-7.86,17.67,-5.22,16.57,-5,13.16,-5.44,9.97,-6.06,9.08,-7.84,8.78,-9.3,3.61,-8.3,3.49,-5.1,3.53,-4.18,3.65,-2.24,4.97,-0.68,6.39,0.14,7.97,0.88,9.31,1.24,10.57,1.43,3.46,7.9,3.76,7.9,9.25,10.74,9.34,13.15,10.96,8.33,14.36,7.26,14.39,7.31,18.07,8.29,17.92,9.07,16.74,9.03,15.47,8.34,14.4,13.14,11,14.21,12.29,14.73,14.15,14.89,15.97,14.77,17.89,17.85,12.17,17.66,3.72,24.38,3.8,24.54,11.72,29.5,20.68,29.66,22.36,22.78,22.52,21.26,18.7,19.98,22.52,13.88,22.52,13.32,21.02,12.26,21.96,11.36,22.64,1.4,22.54,1.34,16.82,0.46,18.16,-0.7,20.06,-2.18,21.4,-3.52,22.54,-10.74,22.52,-12.41,20.65,-13.91,19.25,-15.37,16.06,-15.87,14.2,-15.71,12.04,-15.25,10.18,-15.15,9.38,-18.39,9.34,-20.43,9.34,-21.95,10.68,-22.55,12.98,-22.19,15.3,-21.11,16.32,-20.01,17.18,-17.77,17.16,-15.01,16.94],"color":"ce3a3aff"}},"light":{"light":{"x":6.2,"y":-0.06,"scaleX":0.525,"scaleY":0.525,"rotation":53.93,"width":233,"height":129}},"nen":{"nen":{"width":92,"height":31}},"nen_light":{"nen_light":{"width":92,"height":32}}}},"animations":{"animation":{"slots":{"nen_light":{"color":[{"time":0,"color":"ffffff00","curve":[0.25,0,0.625,0.5]},{"time":0.3333,"color":"ffffffff","curve":[0.375,0.5,0.75,1]},{"time":1.3333,"color":"ffffff00"}],"attachment":[{"time":0,"name":"nen_light"}]}},"bones":{"light":{"translate":[{"time":0.6667,"x":0,"y":0,"curve":[0.25,0,0.75,1]},{"time":1.3333,"x":121.05,"y":0}]}}}}}