{"skeleton":{"hash":"prfYQZu14NpL9eGp6hmvcDMtsCA","spine":"3.7.93","width":1281.86,"height":1171.98,"images":"./dragon animation/assest_dragon/","audio":"/Users/phamminhduc/Duc/SPine/TX JP"},"bones":[{"name":"root","y":377.9},{"name":"bone10","parent":"root","length":13.73,"rotation":7.43,"x":-274.14,"y":-91.65,"scaleX":2.161,"scaleY":2.161},{"name":"bone11","parent":"bone10","length":9.85,"rotation":-0.59,"x":14.47,"y":-0.48},{"name":"bone12","parent":"bone11","length":9.46,"rotation":0.28,"x":10.57,"y":-0.48},{"name":"bone13","parent":"bone12","length":10.62,"rotation":-0.78,"x":10.62,"y":-0.15},{"name":"bone14","parent":"bone13","length":10.23,"rotation":0.24,"x":11.05,"y":0.35},{"name":"bone15","parent":"bone14","length":13.77,"rotation":-0.06,"x":11.4,"y":-0.13},{"name":"bone16","parent":"bone15","length":13.82,"rotation":1.61,"x":13.77},{"name":"bone17","parent":"bone16","length":9.81,"rotation":-3.56,"x":13.77,"y":-0.39},{"name":"bone18","parent":"bone17","length":10.95,"rotation":-2.53,"x":11.79,"y":0.23},{"name":"bone19","parent":"bone18","length":10.2,"rotation":2.35,"x":13.3,"y":-0.08},{"name":"bone20","parent":"bone19","length":9.39,"rotation":-6.78,"x":13.34,"y":0.15},{"name":"bone21","parent":"bone20","length":11.35,"rotation":4.36,"x":11.72,"y":0.49},{"name":"bone22","parent":"bone21","length":9,"rotation":-4.46,"x":12.13,"y":-0.03},{"name":"bone23","parent":"bone22","length":9,"x":11.33,"y":0.49},{"name":"bone24","parent":"bone23","length":10.56,"rotation":0.37,"x":11.35,"y":0.1},{"name":"bone25","parent":"bone24","length":11.35,"rotation":0.15,"x":13.68,"y":0.51},{"name":"bone26","parent":"bone25","length":9.81,"rotation":-2.6,"x":12.9,"y":0.44},{"name":"bone27","parent":"bone26","length":12.52,"rotation":2.78,"x":11.37,"y":0.12},{"name":"bone28","parent":"bone27","length":12.91,"rotation":0.05,"x":13.69,"y":0.04},{"name":"bone29","parent":"bone28","length":11.74,"rotation":-0.17,"x":14.46,"y":0.44},{"name":"bone30","parent":"bone29","length":12.9,"rotation":1.91,"x":12.51,"y":0.42},{"name":"bone31","parent":"bone30","length":12.1,"rotation":3.47,"x":13.94,"y":-0.06},{"name":"bone32","parent":"bone31","length":11.35,"rotation":-1.62,"x":13.95,"y":0.25},{"name":"bone33","parent":"bone32","length":12.49,"rotation":3.19,"x":11.69,"y":-0.74},{"name":"bone34","parent":"bone33","length":12.83,"rotation":-1.77,"x":13.98,"y":0.24},{"name":"bone35","parent":"bone34","length":12.47,"rotation":0.1,"x":14.64,"y":-0.47},{"name":"bone36","parent":"bone35","length":13.91,"rotation":-3.37,"x":13.91,"y":-0.45},{"name":"bone37","parent":"bone36","length":13.22,"rotation":-4.76,"x":16.1},{"name":"bone38","parent":"bone37","length":13.59,"rotation":0.13,"x":15.01,"y":0.52},{"name":"bone39","parent":"bone38","length":12.1,"rotation":1.17,"x":13.56,"y":0.36},{"name":"bone40","parent":"bone39","length":12.82,"rotation":1.83,"x":12.1},{"name":"bone41","parent":"bone40","length":12.08,"rotation":-0.1,"x":15,"y":0.43},{"name":"bone42","parent":"bone41","length":13.18,"rotation":3.33,"x":13.91,"y":0.06},{"name":"bone43","parent":"bone42","length":11.73,"rotation":1.99,"x":13.91,"y":-0.02},{"name":"bone44","parent":"bone43","length":12.49,"rotation":1.47,"x":12.81,"y":-0.43},{"name":"bone45","parent":"bone44","length":10.99,"rotation":-3.13,"x":13.92,"y":-0.49},{"name":"bone46","parent":"bone45","length":11.73,"rotation":1.9,"x":11.55,"y":0.27},{"name":"bone47","parent":"bone46","length":13.67,"rotation":-0.54,"x":13.31,"y":0.29},{"name":"bone48","parent":"bone47","length":13.27,"rotation":-1.59,"x":14.86,"y":0.32},{"name":"bone49","parent":"bone48","length":13.27,"x":14.06,"y":0.37},{"name":"bone50","parent":"bone49","length":12.1,"rotation":-3.53,"x":14.05,"y":-0.02},{"name":"bone51","parent":"bone50","length":11.76,"rotation":-3.86,"x":13.66,"y":0.05},{"name":"bone52","parent":"bone51","length":11.8,"rotation":-1.88,"x":13.35,"y":-0.23},{"name":"bone53","parent":"bone52","length":14.69,"rotation":-3.12,"x":13.74,"y":0.26},{"name":"bone54","parent":"bone53","length":10.79,"rotation":-1.82,"x":17.37,"y":0.51},{"name":"bone55","parent":"bone54","length":12.31,"rotation":1.57,"x":13.45,"y":0.59},{"name":"bone56","parent":"bone55","length":11.71,"rotation":9.05,"x":16.07,"y":1.12},{"name":"bone57","parent":"bone56","length":13.35,"rotation":8.62,"x":13.28,"y":-0.34},{"name":"bone58","parent":"bone57","length":12.92,"rotation":-1.52,"x":17.36,"y":0.71},{"name":"bone59","parent":"bone58","length":86.93,"rotation":-0.05,"x":17.69,"y":0.74},{"name":"bone60","parent":"bone52","length":42.88,"rotation":-73.66,"x":3.03,"y":-12.03},{"name":"bone61","parent":"bone29","length":44.51,"rotation":-101.66,"x":-5.98,"y":-11.68},{"name":"bone62","parent":"bone29","length":42.07,"rotation":-98.3,"x":11.12,"y":-9.62},{"name":"bone63","parent":"bone62","length":36.23,"rotation":30.7,"x":52.88,"y":3.09},{"name":"bone64","parent":"bone61","length":39.21,"rotation":34.76,"x":53.94,"y":2.28},{"name":"bone65","parent":"bone60","length":38.64,"rotation":49,"x":46.88,"y":0.54},{"name":"bone66","parent":"bone53","length":39.35,"rotation":-77.91,"x":7.48,"y":-10.06},{"name":"bone67","parent":"bone66","length":37.61,"rotation":53.63,"x":44.16,"y":2.73},{"name":"duongbay","parent":"root","y":133.81,"scaleX":0.767,"scaleY":0.767}],"slots":[{"name":"tienlen5","bone":"root","attachment":"tienlen3"},{"name":"tienlen6","bone":"root","attachment":"tienlen2"},{"name":"tienlen2","bone":"root","attachment":"tienlen1"},{"name":"tienlen3","bone":"root","attachment":"tienlen3"},{"name":"tienlen4","bone":"root","attachment":"tienlen2"},{"name":"duongbay","bone":"duongbay","attachment":"duongbay"}],"path":[{"name":"duongbay","order":0,"bones":["bone10","bone11","bone12","bone13","bone14","bone15","bone16","bone17","bone18","bone19","bone20","bone21","bone22","bone23","bone24","bone25","bone26","bone27","bone28","bone29","bone30","bone31","bone32","bone33","bone34","bone35","bone36","bone37","bone38","bone39","bone40","bone41","bone42","bone43","bone44","bone45","bone46","bone47","bone48","bone49","bone50","bone51","bone52","bone53","bone54","bone55","bone56","bone57","bone58"],"target":"duongbay"}],"skins":{"default":{"duongbay":{"duongbay":{"type":"path","lengths":[1268.81,2020.49,2451.59,3268.44,3942.85,4837.55,5487.17,6350.85,6935.2,8000.48,9863.71],"vertexCount":33,"vertices":[-41.8,684.08,-95.8,946.68,-236.45,1630.62,-1257.03,1395.86,-1213.46,731.31,-1168.58,46.6,-737.62,404.17,-692.79,-29.29,-672.07,-229.61,-945.23,-327.13,-756.47,-551.11,-626.53,-705.29,-239.77,-828.03,188.21,-395.38,262.21,-320.57,678.89,74.26,328.87,362.51,-174.27,776.85,-522.72,240.12,-456.66,-40.96,-403.63,-266.55,-27.03,-539.91,215.99,-282.98,622.31,146.62,787.5,-532.74,1251.34,-90.13,1431.38,81.67,1158.26,371.4,1210.89,647.18,1267.91,946.03,1601.38,1358.19,2298.06,1326.72,2546.99,1315.48]}},"tienlen2":{"tienlen1":{"type":"mesh","uvs":[1,1,0.82759,1,0.7931,1,0.75862,1,0.72414,1,0.68966,1,0.65517,1,0.62069,1,0.58621,1,0.55172,1,0.51724,1,0.48276,1,0.44828,1,0.41379,1,0.37931,1,0.34483,1,0.31034,1,0.27586,1,0.24138,1,0.2069,1,0.17241,1,0.13793,1,0,1,0,0,0.13793,0,0.17241,0,0.2069,0,0.24138,0,0.27586,0,0.31034,0,0.34483,0,0.37931,0,0.41379,0,0.44828,0,0.48276,0,0.51724,0,0.55172,0,0.58621,0,0.62069,0,0.65517,0,0.68966,0,0.72414,0,0.75862,0,0.7931,0,0.82759,0,1,0,0.82759,0.75,0.7931,0.75,0.75862,0.75,0.72414,0.75,0.68966,0.75,0.65517,0.75,0.62069,0.75,0.58621,0.75,0.55172,0.75,0.51724,0.75,0.48276,0.75,0.44828,0.75,0.41379,0.75,0.37931,0.75,0.34483,0.75,0.31034,0.75,0.27586,0.75,0.24138,0.75,0.2069,0.75,0.17241,0.75,0.13793,0.75,0.82759,0.5,0.7931,0.5,0.75862,0.5,0.72414,0.5,0.68966,0.5,0.65517,0.5,0.62069,0.5,0.58621,0.5,0.55172,0.5,0.51724,0.5,0.48276,0.5,0.44828,0.5,0.41379,0.5,0.37931,0.5,0.34483,0.5,0.31034,0.5,0.27586,0.5,0.24138,0.5,0.2069,0.5,0.17241,0.5,0.13793,0.5,0.82759,0.25,0.7931,0.25,0.75862,0.25,0.72414,0.25,0.68966,0.25,0.65517,0.25,0.62069,0.25,0.58621,0.25,0.55172,0.25,0.51724,0.25,0.48276,0.25,0.44828,0.25,0.41379,0.25,0.37931,0.25,0.34483,0.25,0.31034,0.25,0.27586,0.25,0.24138,0.25,0.2069,0.25,0.17241,0.25,0.13793,0.25],"triangles":[65,87,86,65,66,87,86,87,108,20,66,65,22,66,21,20,21,66,66,22,87,23,87,22,23,108,87,108,23,24,108,24,107,107,24,25,64,65,86,86,108,107,19,65,64,19,20,65,64,86,85,63,64,85,85,107,106,84,85,106,85,86,107,106,26,105,105,26,27,107,25,106,106,25,26,16,62,61,17,63,62,16,17,62,18,64,63,17,18,63,18,19,64,62,84,83,63,85,84,62,63,84,84,106,105,61,62,83,83,105,104,82,83,104,83,84,105,105,27,104,104,27,28,103,29,102,104,28,103,103,28,29,60,82,81,61,83,82,60,61,82,82,104,103,81,82,103,15,16,61,59,60,81,81,103,102,13,59,58,14,60,59,13,14,59,15,61,60,14,15,60,58,80,79,59,81,80,58,59,80,80,102,101,79,80,101,80,81,102,100,32,99,101,31,100,100,31,32,102,30,101,101,30,31,102,29,30,57,79,78,57,58,79,79,101,100,78,79,100,12,13,58,12,58,57,56,57,78,78,100,99,11,12,57,99,32,33,10,56,55,11,57,56,10,11,56,55,77,76,56,78,77,55,56,77,77,99,98,77,78,99,98,34,97,97,34,35,99,33,98,98,33,34,76,96,75,76,98,97,76,97,96,76,77,98,10,54,9,9,54,53,10,55,54,55,75,54,54,75,74,55,76,75,9,53,8,75,96,95,96,36,95,95,36,37,97,35,96,96,35,36,54,74,53,53,74,73,74,94,73,75,95,74,74,95,94,94,38,93,93,38,39,95,37,94,94,37,38,53,73,52,52,73,72,73,94,93,7,51,6,6,51,50,8,52,7,7,52,51,8,53,52,93,39,92,52,72,51,73,93,72,72,93,92,51,71,50,51,72,71,72,92,71,71,92,91,91,41,90,92,40,91,91,40,41,92,39,40,5,49,4,4,49,48,6,50,5,5,50,49,50,70,49,49,70,69,50,71,70,70,90,69,71,91,70,70,91,90,4,48,3,49,69,48,69,90,89,48,68,47,47,68,67,48,69,68,69,89,68,68,89,88,89,43,88,88,43,44,90,42,89,89,42,43,90,41,42,2,46,1,3,47,2,2,47,46,3,48,47,0,88,45,88,44,45,0,1,46,47,67,46,0,46,67,68,88,67,0,67,88],"vertices":[6,50,152.78,-93.63,0.97073,49,170.4,-93.02,0.00874,48,185.24,-96.78,0.02052,25,512.49,-111.41,0,21,571.49,-79.86,0,19,600.61,-61.69,0,14,50,-7.78,-79.17,0.13607,49,9.85,-78.42,0.13369,48,25.13,-77.95,0.44621,47,49.81,-73.64,1.3E-4,46,76.84,-63.77,0.09907,45,92.01,-61.04,0.08758,44,107.4,-63.42,0.07103,43,117.53,-68.91,0.02222,41,137,-81.41,0.00108,40,145.76,-89.72,2.7E-4,39,159.82,-89.36,4.9E-4,37,184.56,-94.77,0.00202,36,199.16,-88.31,1.3E-4,25,351.55,-102.21,0,16,50,-39.89,-76.28,0.02012,49,-22.26,-75.5,0.06208,48,-6.89,-74.18,0.36189,47,17.59,-74.71,0.00428,46,45.18,-69.9,0.15903,45,60.54,-68.04,0.14243,44,75.72,-69.41,0.14672,43,85.57,-73.17,0.07183,42,96.47,-76.18,3.3E-4,41,104.77,-82.45,0.00943,40,113.54,-88.77,0.003,39,127.59,-88.41,0.0041,37,152.39,-92.62,0.01228,36,166.94,-87.24,0.00238,32,226.62,-73.7,9.0E-5,25,319.36,-100.38,0,17,50,-72,-73.38,2.0E-5,49,-54.37,-72.58,0.0122,48,-38.91,-70.41,0.17326,47,-14.64,-75.79,9.6E-4,46,13.53,-76.02,0.15208,45,29.07,-75.03,0.15158,44,44.04,-75.41,0.21936,43,53.61,-77.43,0.16712,42,64.39,-79.39,0.00472,41,72.55,-83.49,0.03575,40,81.31,-87.83,0.01236,39,95.37,-87.46,0.01543,37,120.22,-90.48,0.04152,36,134.71,-86.16,0.01121,32,194.39,-74.67,0.00188,31,209.26,-74.58,5.2E-4,25,287.17,-98.54,0,16,49,-86.48,-69.67,4.9E-4,48,-70.93,-66.65,0.05459,46,-18.12,-82.15,0.0769,45,-2.41,-82.02,0.08719,44,12.36,-81.4,0.18788,43,21.65,-81.69,0.26379,42,32.3,-82.59,0.01706,41,40.32,-84.53,0.08769,40,49.08,-86.88,0.0325,39,63.14,-86.51,0.03952,37,88.05,-88.33,0.10349,36,102.49,-85.09,0.03389,35,111.6,-91.06,0.00109,32,162.17,-75.65,0.00936,31,177.04,-75.5,0.00454,25,254.98,-96.7,0,15,48,-102.95,-62.88,0.01105,46,-49.78,-88.28,0.02425,45,-33.88,-89.02,0.02822,44,-19.32,-87.39,0.08726,43,-10.31,-85.95,0.24456,42,0.22,-85.8,0.02423,41,8.1,-85.57,0.13018,40,16.85,-85.93,0.05244,39,30.91,-85.56,0.06887,37,55.88,-86.19,0.19611,36,70.27,-84.01,0.07731,35,79.49,-88.22,0.00922,32,129.94,-76.63,0.02893,31,144.81,-76.42,0.01736,25,222.79,-94.86,0,19,48,-134.97,-59.11,7.6E-4,46,-81.43,-94.4,0.00477,45,-65.36,-96.01,0.00521,44,-51,-93.39,0.0261,43,-42.27,-90.22,0.14817,42,-31.86,-89.01,0.01639,41,-24.13,-86.61,0.11312,40,-15.37,-84.98,0.04723,39,-1.32,-84.62,0.07409,37,23.71,-84.04,0.27507,36,38.04,-82.94,0.13641,35,47.37,-85.39,0.03398,34,62.35,-84.58,5.7E-4,32,97.71,-77.6,0.06934,31,112.58,-77.34,0.0472,28,157.3,-69.9,4.0E-4,27,167.05,-82.72,0.0011,25,190.61,-93.02,0,24,201.62,-98.63,1.0E-4,21,46,-113.09,-100.53,3.3E-4,45,-96.83,-103.01,2.8E-4,44,-82.68,-99.38,0.00506,43,-74.22,-94.48,0.06912,42,-63.94,-92.22,0.00692,41,-56.35,-87.65,0.06401,40,-47.6,-84.04,0.02397,39,-33.54,-83.67,0.04492,37,-8.46,-81.9,0.2625,36,5.82,-81.87,0.17095,35,15.25,-82.55,0.07836,34,30.17,-82.57,0.00933,32,65.49,-78.58,0.14142,31,80.35,-78.27,0.10827,28,125.17,-72.58,0.00389,27,134.81,-82.72,0.00796,26,143.63,-90.95,4.7E-4,25,158.42,-91.18,0,24,169.5,-95.8,0.00223,23,186.27,-86.95,2.0E-5,21,216.83,-79.86,0,22,44,-114.36,-105.37,2.8E-4,43,-106.18,-98.74,0.02612,42,-96.02,-95.43,0.00212,41,-88.58,-88.69,0.02729,40,-79.83,-83.09,0.00765,39,-65.77,-82.72,0.01645,37,-40.63,-79.75,0.16562,36,-26.41,-80.79,0.12993,35,-16.86,-79.72,0.09731,34,-2.01,-80.56,0.02982,32,33.26,-79.56,0.22348,31,48.12,-79.19,0.20351,30,62.73,-77.61,0.00123,29,77.85,-75.95,2.0E-5,28,93.04,-75.26,0.01645,27,102.57,-82.72,0.03072,26,111.44,-89.06,0.00725,25,126.23,-89.34,0,24,137.39,-92.96,0.01186,23,154.05,-85.91,0.00163,21,184.59,-79.86,8.0E-4,19,213.89,-73.41,4.3E-4,24,43,-138.14,-103,0.00745,42,-128.1,-98.63,4.0E-4,41,-120.8,-89.73,0.00892,40,-112.06,-82.14,0.00137,39,-98,-81.77,0.00359,37,-72.8,-77.61,0.07646,36,-58.63,-79.72,0.06432,35,-48.98,-76.89,0.06324,34,-34.19,-78.55,0.03385,32,1.03,-80.53,0.22485,31,15.89,-80.11,0.27094,30,30.55,-79.56,0.01347,29,45.72,-78.55,0.00169,28,60.91,-77.94,0.04495,27,70.33,-82.72,0.08693,26,79.26,-87.16,0.0357,25,94.04,-87.5,0,24,105.27,-90.13,0.04013,23,121.82,-84.87,0.01059,21,152.35,-79.86,0.00577,19,181.67,-74.39,0.00516,17,210.16,-64.48,1.6E-4,16,219.92,-73.49,5.0E-5,15,233.78,-72.43,0,24,43,-170.1,-107.26,0.00108,42,-160.18,-101.84,1.0E-5,41,-153.03,-90.77,0.00175,40,-144.28,-81.19,4.0E-5,39,-130.23,-80.82,2.1E-4,37,-104.97,-75.46,0.02535,36,-90.85,-78.64,0.02199,35,-81.1,-74.05,0.02469,34,-66.37,-76.54,0.01914,32,-31.19,-81.51,0.13008,31,-16.33,-81.03,0.21763,30,-1.64,-81.51,0.03063,29,13.58,-81.16,0.0016,28,28.78,-80.61,0.07009,27,38.09,-82.72,0.17407,26,47.07,-85.27,0.10292,25,61.85,-85.66,0,24,73.15,-87.3,0.0963,23,89.6,-83.83,0.03585,21,120.11,-79.86,0.02031,19,149.44,-75.36,0.02158,17,178.02,-67.05,0.00239,16,187.7,-74.61,0.0015,15,201.56,-73.62,8.0E-4,22,43,-202.06,-111.52,1.0E-5,41,-185.25,-91.81,9.0E-5,37,-137.14,-73.32,0.00526,36,-123.08,-77.57,0.00475,35,-113.21,-71.22,0.00595,34,-98.55,-74.53,0.00661,32,-63.42,-82.49,0.04524,31,-48.56,-81.95,0.1029,30,-33.82,-83.46,0.02433,28,-3.35,-83.29,0.04694,27,5.85,-82.72,0.21121,26,14.88,-83.38,0.18049,24,41.04,-84.46,0.15982,23,57.38,-82.79,0.08111,21,87.87,-79.86,0.0474,19,117.21,-76.34,0.05583,17,145.89,-69.62,0.00984,16,155.47,-75.72,0.00738,15,169.34,-74.81,0.00468,14,181.17,-73.62,9.0E-5,13,192.49,-73.13,0,11,216.18,-72.09,6.0E-5,22,37,-169.31,-71.17,4.9E-4,36,-155.3,-76.5,5.0E-4,35,-145.33,-68.39,8.0E-4,34,-130.72,-72.52,0.00165,32,-95.65,-83.46,0.01133,31,-80.79,-82.87,0.03665,30,-66,-85.41,0.01112,28,-35.48,-85.97,0.01441,27,-26.39,-82.72,0.15332,26,-17.3,-81.48,0.18651,24,8.92,-81.63,0.18206,23,25.15,-81.75,0.13686,21,55.63,-79.86,0.08536,19,84.99,-77.32,0.11199,17,113.75,-72.19,0.02647,16,123.25,-76.83,0.02151,15,137.12,-76.01,0.01469,14,148.95,-75.02,0.0017,13,160.28,-74.53,8.0E-4,11,183.96,-73.43,0.0012,10,187.34,-94.5,5.0E-4,8,212.12,-95.51,1.0E-4,22,35,-177.45,-65.55,1.0E-5,34,-162.9,-70.5,2.5E-4,32,-127.87,-84.44,0.00176,31,-113.02,-83.79,0.01063,30,-98.18,-87.36,0.00388,28,-67.61,-88.65,0.00201,27,-58.64,-82.72,0.0795,26,-49.49,-79.59,0.12512,24,-23.2,-78.79,0.14071,23,-7.07,-80.71,0.16355,21,23.38,-79.86,0.11723,19,52.76,-78.29,0.18568,18,66.52,-78.21,6.0E-4,17,81.61,-74.76,0.05849,16,91.03,-77.94,0.05026,15,104.9,-77.2,0.03613,14,116.74,-76.42,0.008,13,128.07,-75.93,0.00501,11,151.75,-74.78,0.00568,10,155.2,-92.03,0.00401,8,179.98,-92.94,0.00128,7,187.64,-104.31,1.9E-4,22,34,-195.08,-68.49,0,32,-160.1,-85.42,5.0E-5,31,-145.25,-84.71,0.00223,30,-130.37,-89.31,0.00107,28,-99.74,-91.32,1.0E-5,27,-90.88,-82.72,0.03317,26,-81.67,-77.7,0.06192,24,-55.31,-75.96,0.07527,23,-39.3,-79.67,0.12504,21,-8.86,-79.86,0.10168,19,20.53,-79.27,0.22944,18,34.3,-79.21,0.00172,17,49.47,-77.33,0.10737,16,58.81,-79.05,0.09894,15,72.68,-78.39,0.07553,14,84.53,-77.82,0.02549,13,95.86,-77.33,0.01842,11,119.54,-76.12,0.01845,10,123.05,-89.56,0.01615,8,147.84,-90.37,0.00594,7,155.72,-99.75,0.00211,2,215.35,-96.82,1.0E-5,20,31,-177.48,-85.63,1.5E-4,30,-162.55,-91.26,1.6E-4,27,-123.12,-82.72,0.01065,26,-113.86,-75.8,0.02379,24,-87.43,-73.13,0.03013,23,-71.52,-78.63,0.06659,21,-41.1,-79.86,0.05474,19,-11.69,-80.25,0.19188,18,2.07,-80.22,6.5E-4,17,17.33,-79.9,0.13805,16,26.59,-80.16,0.14343,15,40.47,-79.59,0.11753,14,52.32,-79.22,0.05669,13,63.65,-78.73,0.04835,11,87.32,-77.46,0.04516,10,90.9,-87.08,0.04502,8,115.71,-87.8,0.01786,7,123.81,-95.19,0.00879,6,140.21,-91.68,2.0E-5,2,183.34,-92.98,3.3E-4,18,30,-194.73,-93.21,0,27,-155.36,-82.72,0.00243,26,-146.04,-73.91,0.0073,24,-119.55,-70.29,0.00962,23,-103.75,-77.59,0.0286,21,-73.34,-79.86,0.02169,19,-43.92,-81.22,0.11265,17,-14.81,-82.47,0.10963,16,-5.64,-81.27,0.13887,15,8.25,-80.78,0.11727,14,20.11,-80.62,0.08457,13,31.44,-80.13,0.09844,11,55.11,-78.8,0.09,10,58.76,-84.61,0.10397,8,83.57,-85.23,0.04438,7,91.89,-90.63,0.02728,6,108.17,-88.02,0.00109,2,151.33,-89.14,0.00223,20,27,-187.6,-82.72,2.3E-4,26,-178.23,-72.02,0.00148,25,-163.47,-72.78,0,24,-151.66,-67.46,0.00211,23,-135.97,-76.55,0.01024,21,-105.58,-79.86,0.00673,19,-76.15,-82.2,0.05278,18,-62.38,-82.24,0,17,-46.95,-85.04,0.05874,16,-37.86,-82.38,0.09232,15,-23.97,-81.97,0.06938,14,-12.1,-82.02,0.07316,13,-0.77,-81.53,0.13293,11,22.89,-80.15,0.13119,10,26.61,-82.14,0.19162,8,51.43,-82.66,0.09092,7,59.97,-86.07,0.07005,6,76.14,-84.36,0.00704,4,98.86,-83.86,2.9E-4,2,119.31,-85.3,0.00879,21,26,-210.42,-70.12,8.0E-5,25,-195.66,-70.95,0,24,-183.78,-64.63,1.5E-4,23,-168.2,-75.51,0.00279,21,-137.82,-79.86,0.00136,19,-108.37,-83.18,0.02096,18,-94.6,-83.24,0,17,-79.08,-87.61,0.02493,16,-70.08,-83.49,0.04899,15,-56.19,-83.17,0.02857,14,-44.31,-83.42,0.04063,13,-32.98,-82.93,0.1128,11,-9.32,-81.49,0.11954,10,-5.54,-79.67,0.25278,8,19.29,-80.09,0.13855,7,28.05,-81.52,0.14889,6,44.11,-80.69,0.02652,5,55.42,-80.88,0.00117,4,66.81,-80.3,0.00234,1,100.94,-82.83,5.2E-4,2,87.3,-81.45,0.02842,19,25,-227.85,-69.11,0,23,-200.42,-74.47,3.3E-4,21,-170.06,-79.86,5.0E-5,19,-140.6,-84.15,0.00635,18,-126.83,-84.25,0,17,-111.22,-90.19,0.00816,16,-102.3,-84.61,0.02215,15,-88.41,-84.36,0.00836,14,-76.52,-84.82,0.01673,13,-65.19,-84.33,0.07212,11,-41.53,-82.83,0.07292,10,-37.68,-77.19,0.23866,8,-12.85,-77.51,0.13655,7,-3.86,-76.96,0.23478,6,12.07,-77.03,0.06305,5,23.39,-77.18,0.01242,4,34.77,-76.74,0.00814,1,68.96,-78.66,0.01665,2,55.29,-77.61,0.08259,16,19,-172.83,-85.13,8.2E-4,18,-159.06,-85.26,0,17,-143.36,-92.76,0.00136,16,-134.53,-85.72,0.00756,15,-120.63,-85.55,9.8E-4,14,-108.73,-86.22,0.00448,13,-97.4,-85.73,0.03758,11,-73.75,-84.17,0.03166,10,-69.83,-74.72,0.16495,8,-44.99,-74.94,0.07917,7,-35.78,-72.4,0.23257,6,-19.96,-73.37,0.07142,5,-8.64,-73.49,0.0394,4,2.73,-73.18,0.01026,1,36.99,-74.49,0.12745,2,23.28,-73.77,0.19034,13,18,-191.28,-86.26,0,16,-166.75,-86.83,0.00101,14,-140.94,-87.63,2.5E-4,13,-129.62,-87.13,0.01288,11,-105.96,-85.51,0.00721,10,-101.97,-72.25,0.07714,8,-77.13,-72.37,0.0259,7,-67.7,-67.84,0.13648,6,-51.99,-69.71,0.02996,5,-40.67,-69.79,0.0335,4,-29.32,-69.62,8.3E-4,1,5.02,-70.32,0.46648,2,-8.73,-69.93,0.20836,2,25,-420.98,-58.07,0,1,-122.86,-53.63,1,7,25,-411.91,100.67,0,9,-208.83,87.04,0.00139,6,-162.07,102.9,0.01479,5,-150.56,102.94,0.01909,3,-127.9,104.42,0.04518,1,-102.29,104.03,0.68194,2,-117.83,103.3,0.2376,13,25,-283.16,93.31,0,17,-188.18,63.17,4.5E-4,15,-158.73,72.15,0.00281,14,-147.85,71.22,0.01426,12,-118.4,82.1,0.02846,11,-112.58,73.35,0.02147,9,-79.95,82.44,0.1358,7,-45.21,89.57,0.02712,6,-33.94,88.26,0.13582,5,-22.44,88.16,0.07709,3,0.07,88.42,0.21854,1,25.59,87.35,0.15627,2,10.21,87.94,0.18191,16,25,-250.97,91.47,0,20,-192.32,72.78,2.3E-4,17,-156.04,65.74,0.00394,16,-140,73.19,1.1E-4,15,-126.52,73.34,0.01113,14,-115.64,72.63,0.04046,12,-86.18,80.99,0.06846,11,-80.36,74.69,0.04256,9,-47.73,81.29,0.22294,7,-13.29,85.01,0.05575,6,-1.9,84.6,0.16333,5,9.59,84.47,0.06201,4,20.28,84.85,0,3,32.07,84.42,0.19253,1,57.56,83.18,0.05066,2,42.22,84.1,0.08587,16,22,-178.88,90.19,0,20,-160.1,73.85,0.00347,17,-123.9,68.31,0.01455,16,-107.78,74.3,0.00173,15,-94.3,74.53,0.03034,14,-83.43,74.03,0.09174,12,-53.95,79.88,0.13733,11,-48.15,76.03,0.06938,9,-15.51,80.14,0.28863,7,18.62,80.45,0.06598,6,30.13,80.94,0.12585,5,41.62,80.77,0.02516,4,52.33,81.29,0,3,64.06,80.42,0.11086,1,89.53,79.01,0.00919,2,74.24,80.25,0.02577,18,25,-186.59,87.8,5.0E-5,22,-146.7,88.24,5.5E-4,20,-127.88,74.93,0.01511,18,-99.57,75.68,3.6E-4,17,-91.76,70.88,0.0383,16,-75.56,75.41,0.00757,15,-62.08,75.72,0.06519,14,-51.22,75.43,0.1692,12,-21.73,78.77,0.21853,11,-15.94,77.37,0.07856,9,16.72,78.99,0.25357,7,50.54,75.89,0.03843,6,62.16,77.28,0.05946,5,73.64,77.08,0.00468,4,84.37,77.73,0,3,96.05,76.42,0.04553,1,121.5,74.84,3.6E-4,2,106.25,76.41,0.00455,19,28,-209.34,59.1,2.0E-5,25,-154.4,85.96,9.1E-4,23,-130.85,82.37,3.0E-5,22,-114.52,86.29,0.00343,20,-95.65,76,0.04475,18,-67.35,76.69,0.00494,17,-59.63,73.45,0.08217,16,-43.34,76.52,0.02103,15,-29.86,76.92,0.11002,14,-19.01,76.83,0.23781,12,10.49,77.66,0.24643,11,16.28,78.72,0.05009,9,48.94,77.84,0.14991,7,82.46,71.33,0.01296,6,94.19,73.62,0.02036,5,105.67,73.38,2.2E-4,4,116.42,74.17,0,3,128.04,72.42,0.01468,2,138.26,72.57,2.3E-4,19,28,-177.21,61.77,0.0013,26,-136.71,84.82,4.5E-4,25,-122.21,84.12,0.0047,24,-105.57,88.09,4.0E-5,23,-98.62,81.33,0.00126,22,-82.33,84.34,0.01298,20,-63.43,77.07,0.11291,18,-35.12,77.69,0.02272,17,-27.49,76.02,0.14419,16,-11.12,77.63,0.03922,15,2.36,78.11,0.13235,14,13.2,78.23,0.23489,12,42.71,76.54,0.19269,11,48.49,80.06,0.0181,9,81.16,76.69,0.07035,7,114.37,66.77,0.00282,6,126.23,69.96,0.00538,4,148.46,70.61,0,3,160.03,68.42,0.00364,22,43,-350.91,29.04,0,32,-197.14,72.53,5.0E-5,28,-145.08,64.45,0.00904,26,-104.52,82.92,0.00607,25,-90.02,82.28,0.01714,24,-73.45,85.26,0.00166,23,-66.4,80.29,0.00837,22,-50.15,82.39,0.03909,21,-41.1,79.14,1.2E-4,20,-31.21,78.15,0.23551,18,-2.89,78.7,0.05576,17,4.65,78.59,0.17651,16,21.11,78.74,0.04058,15,34.58,79.3,0.10053,14,45.42,79.63,0.16213,12,74.94,75.43,0.11421,11,80.7,81.4,0.00366,9,113.38,75.54,0.02817,7,146.29,62.21,2.0E-4,6,158.26,66.29,7.7E-4,4,180.5,67.05,0,3,192.03,64.42,4.3E-4,21,43,-318.95,33.3,0,36,-214.45,84.56,0,32,-164.92,73.51,0.00234,28,-112.95,67.13,0.03771,26,-72.34,81.03,0.03241,25,-57.83,80.44,0.04889,24,-41.34,82.42,0.01089,23,-34.17,79.25,0.03035,22,-17.97,80.44,0.08749,21,-8.86,79.14,6.9E-4,20,1.02,79.22,0.34047,19,15.72,79.66,0,18,29.33,79.71,0.06556,17,36.79,81.16,0.12778,16,53.33,79.86,0.01839,15,66.8,80.5,0.05125,14,77.63,81.03,0.08401,12,107.16,74.32,0.0533,11,112.92,82.74,1.4E-4,9,145.6,74.39,0.00832,4,212.55,63.49,0,21,43,-286.99,37.56,0,36,-182.23,83.49,0,35,-163.47,92.83,2.9E-4,32,-132.69,74.49,0.01551,29,-95.68,69.5,1.3E-4,28,-80.82,69.81,0.11356,26,-40.15,79.14,0.10971,25,-25.65,78.6,0.09777,24,-9.22,79.59,0.03231,23,-1.95,78.21,0.05595,22,14.21,78.49,0.11021,20,33.24,80.3,0.29457,19,47.94,80.63,0,18,61.56,80.71,0.03905,17,68.93,83.73,0.05785,16,85.55,80.97,0.00354,15,99.02,81.69,0.01786,14,109.84,82.43,0.03235,12,139.38,73.21,0.01822,9,177.82,73.23,0.0011,4,244.59,59.93,0,25,43,-255.03,41.82,0,39,-190.01,80,0,38,-172.86,85.55,4.2E-4,36,-150,82.42,1.0E-5,35,-131.35,90,0.0051,32,-100.46,75.46,0.05577,30,-75.62,73.3,1.6E-4,29,-63.54,72.11,0.00377,28,-48.69,72.48,0.24464,27,-26.39,76.28,0,26,-7.96,77.24,0.23276,25,6.54,76.76,0.10813,24,22.9,76.76,0.03803,23,30.28,77.17,0.03913,22,46.4,76.54,0.06827,21,55.63,79.14,0,20,65.46,81.37,0.15716,19,80.17,81.61,0,18,93.78,81.72,0.01439,17,101.07,86.31,0.01667,16,117.77,82.08,1.0E-4,15,131.24,82.88,0.00365,14,142.05,83.83,0.00817,12,171.6,72.1,0.00369,4,276.64,56.37,0,25,43,-223.07,46.08,0,39,-157.78,79.05,6.1E-4,38,-140.67,83.71,0.00438,36,-117.78,81.34,2.0E-5,35,-99.24,87.17,0.02484,34,-88.63,84.16,8.0E-5,32,-68.24,76.44,0.14267,30,-43.44,75.25,0.00545,29,-31.4,74.71,0.01683,28,-16.56,75.16,0.35386,27,5.85,76.28,0,26,24.22,75.35,0.27701,25,38.73,74.92,0.05429,24,55.01,73.92,0.0171,23,62.5,76.13,0.01143,22,78.58,74.59,0.02523,21,87.87,79.14,0,20,97.69,82.44,0.05899,19,112.4,82.59,0,18,126.01,82.73,0.00343,17,133.21,88.88,0.00249,15,163.46,84.08,2.0E-4,14,174.26,85.23,8.9E-4,12,203.82,70.99,1.9E-4,4,308.68,52.81,0,22,43,-191.11,50.34,1.0E-5,40,-139.61,77.74,7.6E-4,39,-125.55,78.11,0.00445,38,-108.48,81.87,0.01908,36,-85.56,80.27,5.0E-5,35,-67.12,84.33,0.08063,34,-56.45,82.15,0.00221,32,-36.01,77.42,0.28398,30,-11.25,77.2,0.02092,29,0.73,77.32,0.02746,28,15.57,77.84,0.3205,27,38.09,76.28,2.0E-5,26,56.41,73.46,0.19791,25,70.92,73.08,0.01322,24,87.13,71.09,0.00353,23,94.73,75.09,0.00143,22,110.76,72.64,0.00649,21,120.11,79.14,0,20,129.91,83.52,0.01691,19,144.62,83.56,0,18,158.23,83.74,3.8E-4,17,165.35,91.45,4.0E-5,23,45,-194.27,38.22,3.0E-5,44,-175.59,44.86,3.2E-4,43,-159.15,54.61,1.0E-5,41,-125.93,69.19,1.0E-5,40,-107.38,76.79,0.00596,39,-93.32,77.16,0.01748,38,-76.29,80.03,0.05882,37,-62.22,81.04,1.4E-4,36,-53.33,79.19,7.0E-5,35,-35,81.5,0.20226,34,-24.27,80.14,0.01037,32,-3.78,78.39,0.38168,30,20.93,79.15,0.02165,29,32.87,79.93,0.01495,28,47.7,80.52,0.18167,27,70.33,76.28,5.0E-5,26,88.59,71.56,0.09962,25,103.11,71.24,0.00102,24,119.25,68.25,1.5E-4,22,142.94,70.69,8.3E-4,21,152.35,79.14,0,20,162.13,84.59,0.00289,19,176.85,84.54,0,24,47,-181.05,77.75,1.0E-5,46,-174.95,49.45,1.4E-4,45,-162.8,45.21,0.00151,44,-143.91,50.86,0.00326,43,-127.2,58.87,1.0E-5,42,-111.84,62.78,0.00199,41,-93.7,70.23,0.00211,40,-75.15,75.84,0.02312,39,-61.1,76.21,0.04848,38,-44.1,78.19,0.13496,37,-30.05,78.9,0.00245,36,-21.11,78.12,5.0E-5,35,-2.89,78.66,0.35527,34,7.91,78.13,0.01501,32,28.44,79.37,0.29142,30,53.11,81.1,0.00706,29,65,82.53,0.00246,28,79.83,83.19,0.07288,27,102.57,76.28,5.0E-5,26,120.78,69.67,0.03768,23,159.18,73.01,0,21,184.59,79.14,0,20,194.36,85.67,8.0E-5,19,209.08,85.52,0,23,49,-168.41,97.44,0,47,-148.83,78.83,0.00235,46,-143.3,55.57,0.00228,45,-131.32,52.21,0.00899,44,-112.23,56.85,0.01385,43,-95.24,63.13,0,42,-79.76,65.99,0.01855,41,-61.48,71.27,0.01471,40,-42.93,74.9,0.06259,39,-28.87,75.26,0.09827,38,-11.91,76.36,0.22132,37,2.12,76.75,0.00312,36,11.12,77.05,1.0E-5,35,29.23,75.83,0.38039,34,40.09,76.12,0.00436,32,60.67,80.35,0.13629,30,85.29,83.05,6.3E-4,28,111.96,85.87,0.02178,27,134.81,76.28,3.0E-5,26,152.96,67.78,0.01048,23,191.4,71.97,0,21,216.83,79.14,0,19,241.3,86.49,0,22,49,-136.3,94.52,7.5E-4,47,-116.6,79.9,0.01683,46,-111.65,61.7,0.0115,45,-99.85,59.2,0.03246,44,-80.55,62.84,0.04176,43,-63.28,67.39,0,42,-47.68,69.2,0.07888,41,-29.25,72.31,0.05068,40,-10.7,73.95,0.11863,39,3.36,74.31,0.12425,38,20.28,74.52,0.2271,37,34.29,74.61,6.0E-5,36,43.34,75.97,0,35,61.35,73,0.24557,34,72.27,74.11,1.0E-5,32,92.9,81.32,0.04552,28,144.09,88.55,0.00426,27,167.05,76.28,1.0E-5,26,185.15,65.88,0.00174,23,223.62,70.93,0,21,249.07,79.14,0,19,273.53,87.47,0,19,50,-121.95,90.76,0.00105,49,-104.19,91.6,0.00552,47,-84.38,80.98,0.06257,46,-79.99,67.83,0.03604,45,-68.37,66.2,0.08387,44,-48.87,68.84,0.08931,43,-31.32,71.65,0,42,-15.6,72.41,0.19976,41,2.97,73.35,0.08444,40,21.53,73,0.11745,39,35.59,73.37,0.07356,38,52.47,72.68,0.1308,35,93.46,70.16,0.10601,32,125.12,82.3,0.00938,28,176.22,91.23,2.0E-4,27,199.29,76.28,0,26,217.34,63.99,4.0E-5,21,281.32,79.14,0,19,305.76,88.45,0,17,50,-89.84,87.87,0.01162,49,-72.08,88.68,0.01931,47,-52.16,82.05,0.1561,46,-48.34,73.95,0.07502,45,-36.9,73.19,0.1454,44,-17.19,74.83,0.11252,43,0.64,75.91,0,42,16.48,75.62,0.26501,41,35.2,74.38,0.05691,40,53.76,72.05,0.05438,39,67.81,72.42,0.02123,38,84.65,70.84,0.04907,35,125.58,67.33,0.03282,32,157.35,83.28,6.2E-4,27,231.54,76.28,0,21,313.56,79.14,0,19,337.98,89.42,0,13,50,-57.73,84.97,0.05245,49,-39.97,85.76,0.04821,47,-19.93,83.12,0.29541,46,-16.68,80.08,0.10161,45,-5.43,80.18,0.15718,44,14.48,80.82,0.07191,42,48.56,78.83,0.2109,41,67.42,75.42,0.02134,40,85.98,71.1,0.01619,39,100.04,71.47,0.00311,38,116.84,69,0.01435,35,157.69,64.49,0.00735,27,263.78,76.28,0,12,50,-25.62,82.08,0.16791,49,-7.86,82.84,0.08245,47,12.29,84.2,0.40095,46,14.97,86.21,0.07965,45,26.05,87.18,0.10462,44,46.16,86.82,0.02315,42,80.65,82.03,0.12931,41,99.64,76.46,0.00527,40,118.21,70.16,0.00307,39,132.27,70.52,3.0E-5,38,149.03,67.16,0.00286,35,189.81,61.66,7.3E-4,10,50,6.49,79.19,0.39587,49,24.25,79.92,0.0749,47,44.51,85.27,0.3722,46,46.62,92.33,0.03712,45,57.52,94.17,0.04838,44,77.84,92.81,0.00303,42,112.73,85.24,0.06788,41,131.87,77.5,4.5E-4,40,150.44,69.21,7.0E-5,38,181.22,65.32,9.0E-5,2,50,167.05,64.72,1,21,571.49,79.14,0,13,50,-4.21,-39.58,0.1524,49,13.45,-38.84,0.19859,48,29.78,-38.47,0.46578,46,69.28,-24.74,0.06637,45,83.39,-22.24,0.06023,44,100.01,-24.36,0.04372,43,112.27,-29.51,0.01162,41,135.71,-41.68,2.8E-4,40,146.93,-49.99,5.0E-5,39,160.99,-49.62,1.5E-4,37,187.21,-55.1,7.9E-4,36,200.48,-48.58,1.0E-5,25,353.82,-62.53,0,14,50,-36.32,-36.69,0.00604,49,-18.66,-35.92,0.05611,48,-2.24,-34.7,0.4109,47,16.26,-34.99,0.04504,46,37.63,-30.87,0.1686,45,51.92,-29.23,0.14088,44,68.33,-30.36,0.11178,43,80.32,-33.77,0.04463,41,103.49,-42.72,0.00465,40,114.71,-49.04,0.00143,39,128.76,-48.67,0.00213,37,155.04,-52.96,0.00669,36,168.26,-47.51,0.00113,25,321.63,-60.69,0,16,49,-50.77,-33,0.00319,48,-34.26,-30.94,0.11901,47,-15.96,-36.06,0.00421,46,5.98,-37,0.19216,45,20.44,-36.23,0.2022,44,36.65,-36.35,0.26218,43,48.36,-38.03,0.14011,42,60.43,-39.83,0.00187,41,71.26,-43.76,0.02285,40,82.48,-48.09,0.00765,39,96.54,-47.73,0.00999,37,122.87,-50.81,0.02665,36,136.04,-46.43,0.00679,32,193.19,-34.94,9.6E-4,31,208.13,-34.85,1.8E-4,25,289.44,-58.85,0,15,48,-66.28,-27.17,0.02974,46,-25.68,-43.12,0.0553,45,-11.03,-43.22,0.07476,44,4.97,-42.34,0.2268,43,16.4,-42.29,0.33262,42,28.35,-43.04,0.02234,41,39.04,-44.8,0.0841,40,50.25,-47.15,0.02898,39,64.31,-46.78,0.03357,37,90.7,-48.67,0.0788,36,103.81,-45.36,0.02393,35,115.1,-51.46,2.0E-4,32,160.96,-35.92,0.00609,31,175.9,-35.77,0.00275,25,257.25,-57.01,0,15,48,-98.3,-23.4,0.00479,46,-57.33,-49.25,0.01269,45,-42.51,-50.21,0.01406,44,-26.71,-48.34,0.05659,43,-15.56,-46.55,0.27125,42,-3.73,-46.25,0.04261,41,6.82,-45.84,0.18167,40,18.02,-46.2,0.07467,39,32.08,-45.83,0.0806,37,58.53,-46.52,0.16855,36,71.59,-44.29,0.05798,35,82.98,-48.63,0.00399,32,128.74,-36.9,0.0193,31,143.67,-36.69,0.01124,25,225.06,-55.17,0,17,48,-130.32,-19.64,8.0E-5,46,-88.99,-55.38,0.0021,45,-73.98,-57.21,0.00193,44,-58.39,-54.33,0.01415,43,-47.52,-50.81,0.12574,42,-35.81,-49.46,0.01557,41,-25.41,-46.88,0.12713,40,-14.2,-45.25,0.06309,39,-0.15,-44.88,0.10881,37,26.36,-44.38,0.30807,36,39.37,-43.21,0.13096,35,50.86,-45.79,0.02029,32,96.51,-37.87,0.04918,31,111.44,-37.61,0.03241,28,154,-30.29,7.0E-5,27,167.05,-42.97,4.1E-4,25,192.87,-53.33,0,19,46,-120.64,-61.5,2.0E-5,44,-90.07,-60.32,0.00217,43,-79.48,-55.08,0.05041,42,-67.9,-52.67,0.00477,41,-57.63,-47.92,0.05299,40,-46.43,-44.3,0.02005,39,-32.37,-43.94,0.0435,37,-5.81,-42.24,0.30051,36,7.14,-42.14,0.22376,35,18.75,-42.96,0.0913,34,32.65,-42.9,0.00541,33,48.03,-41.76,1.7E-4,32,64.28,-38.85,0.11568,31,79.21,-38.53,0.08178,28,121.87,-32.97,0.00184,27,134.81,-42.97,0.00454,26,145.96,-51.27,1.0E-5,25,160.68,-51.49,0,24,173,-56.2,0.00109,21,43,-111.44,-59.34,0.01747,42,-99.98,-55.87,0.00127,41,-89.86,-48.96,0.01917,40,-78.66,-43.35,0.00445,39,-64.6,-42.99,0.0103,37,-37.98,-40.09,0.14155,36,-25.08,-41.06,0.1271,35,-13.37,-40.12,0.13788,34,0.47,-40.89,0.05621,33,15.8,-40.87,0.00264,32,32.06,-39.83,0.2482,31,46.99,-39.45,0.19119,29,74.64,-36.33,4.9E-4,28,89.74,-35.65,0.01032,27,102.57,-42.97,0.02003,26,113.78,-49.37,0.00322,25,128.5,-49.65,0,24,140.88,-53.37,0.00734,23,155.33,-46.18,7.3E-4,21,184.59,-40.11,3.3E-4,19,212.69,-33.68,1.2E-4,22,43,-143.39,-63.6,0.00444,42,-132.06,-59.08,1.9E-4,41,-122.08,-50,0.00556,40,-110.89,-42.41,5.2E-4,39,-96.83,-42.04,0.00156,37,-70.15,-37.95,0.05369,36,-57.3,-39.99,0.04582,35,-45.49,-37.29,0.05271,34,-31.71,-38.88,0.04565,32,-0.17,-40.8,0.27162,31,14.76,-40.37,0.33664,30,28.14,-39.88,0.00981,29,42.5,-38.93,0.01114,28,57.61,-38.32,0.03893,27,70.33,-42.97,0.06248,26,81.59,-47.48,0.01987,25,96.31,-47.81,0,24,108.76,-50.53,0.02686,23,123.11,-45.14,0.00625,21,152.35,-40.11,0.00339,19,180.46,-34.66,0.00284,17,206.99,-24.85,4.0E-5,21,43,-175.35,-67.86,5.0E-4,41,-154.31,-51.04,9.8E-4,37,-102.32,-35.8,0.01744,36,-89.53,-38.92,0.01504,35,-77.6,-34.46,0.01672,34,-63.89,-36.87,0.01752,32,-32.4,-41.78,0.10948,31,-17.47,-41.29,0.23902,30,-4.04,-41.83,0.0613,29,10.37,-41.54,0.02084,28,25.48,-41,0.11971,27,38.09,-42.97,0.17174,26,49.4,-45.59,0.07651,25,64.12,-45.98,0,24,76.65,-47.7,0.07696,23,90.88,-44.1,0.02495,21,120.11,-40.11,0.0142,19,148.23,-35.63,0.01465,17,174.85,-27.42,0.00133,16,186.33,-34.88,7.4E-4,15,200.09,-33.9,3.6E-4,18,41,-186.53,-52.08,1.0E-5,37,-134.49,-33.66,0.00305,36,-121.75,-37.84,0.00277,35,-109.72,-31.62,0.00325,34,-96.07,-34.85,0.00476,32,-64.62,-42.76,0.02924,31,-49.7,-42.22,0.08301,30,-36.22,-43.78,0.02897,28,-6.65,-43.68,0.06428,27,5.85,-42.97,0.27712,26,17.22,-43.69,0.19891,24,44.53,-44.87,0.15427,23,58.66,-43.06,0.06124,21,87.87,-40.11,0.03526,19,116.01,-36.61,0.03999,17,142.72,-29.99,0.00636,16,154.1,-35.99,0.00464,15,167.87,-35.09,0.00285,22,37,-166.66,-31.51,1.6E-4,36,-153.98,-36.77,1.7E-4,35,-141.84,-28.79,2.8E-4,34,-128.25,-32.84,9.9E-4,32,-96.85,-43.73,0.00608,31,-81.93,-43.14,0.02486,30,-68.41,-45.73,0.00875,28,-38.78,-46.36,0.00762,27,-26.39,-42.97,0.1597,26,-14.97,-41.8,0.23551,24,12.41,-42.03,0.22462,23,26.43,-42.02,0.12944,21,55.63,-40.11,0.07233,19,83.78,-37.59,0.08582,17,110.58,-32.57,0.01789,16,121.88,-37.1,0.01435,15,135.65,-36.28,0.0096,14,147.23,-35.31,7.2E-4,13,158.56,-34.82,3.2E-4,11,182.31,-33.72,6.0E-4,10,190.39,-54.87,1.7E-4,8,215.29,-55.89,2.0E-5,21,34,-160.42,-30.83,1.2E-4,32,-129.08,-44.71,7.2E-4,31,-114.15,-44.06,0.00689,30,-100.59,-47.68,0.00271,28,-70.91,-49.03,4.6E-4,27,-58.64,-42.97,0.06533,26,-47.15,-39.91,0.11656,24,-19.7,-39.2,0.15066,23,-5.79,-40.98,0.2053,21,23.38,-40.11,0.14741,19,51.55,-38.56,0.1807,18,65.28,-38.48,0.00134,17,78.44,-35.14,0.04457,16,89.66,-38.21,0.03749,15,103.43,-37.48,0.02605,14,115.02,-36.71,0.00437,13,126.35,-36.22,0.00286,11,150.09,-35.06,0.00349,10,158.25,-52.4,0.00226,8,183.15,-53.32,6.7E-4,7,193.26,-64.96,4.0E-5,18,31,-146.38,-44.98,0.00125,30,-132.77,-49.63,6.7E-4,27,-90.88,-42.97,0.02382,26,-79.34,-38.02,0.04724,24,-51.82,-36.36,0.06015,23,-38.02,-39.94,0.12284,21,-8.86,-40.11,0.12204,19,19.33,-39.54,0.29184,18,33.06,-39.48,0.01136,17,46.3,-37.71,0.10578,16,57.44,-39.32,0.09154,15,71.21,-38.67,0.0651,14,82.81,-38.11,0.01674,13,94.13,-37.62,0.01179,11,117.88,-36.4,0.01251,10,126.1,-49.92,0.01045,8,151.01,-50.75,0.00374,7,161.34,-60.4,0.00114,19,31,-178.61,-45.9,1.0E-5,30,-164.95,-51.58,7.0E-5,27,-123.12,-42.97,0.00666,26,-111.52,-36.12,0.01579,24,-83.94,-33.53,0.02027,23,-70.24,-38.9,0.05072,21,-41.1,-40.11,0.04212,19,-12.9,-40.52,0.20586,18,0.83,-40.49,0.00619,17,14.16,-40.28,0.17636,16,25.22,-40.43,0.16999,15,38.99,-39.86,0.13426,14,50.6,-39.51,0.05096,13,61.92,-39.02,0.0355,11,85.67,-37.75,0.03437,10,93.95,-47.45,0.03241,8,118.88,-48.18,0.01251,7,129.43,-55.84,0.00578,2,188.07,-53.51,1.6E-4,18,27,-155.36,-42.97,0.00133,26,-143.71,-34.23,0.00455,25,-129.02,-34.94,0,24,-116.05,-30.7,0.00606,23,-102.47,-37.86,0.01999,21,-73.34,-40.11,0.01445,19,-45.12,-41.49,0.09362,17,-17.98,-42.85,0.10851,16,-7.01,-41.55,0.15996,15,6.78,-41.06,0.15084,14,18.38,-40.91,0.11589,13,29.71,-40.42,0.10017,11,53.45,-39.09,0.0843,10,61.81,-44.98,0.08532,8,86.74,-45.6,0.03416,7,97.51,-51.28,0.01909,6,112.69,-48.52,4.0E-4,2,156.06,-49.67,0.00136,20,27,-187.6,-42.97,7.0E-5,26,-175.9,-32.34,7.6E-4,25,-161.2,-33.1,0,24,-148.17,-27.86,0.00112,23,-134.69,-36.82,0.00668,21,-105.58,-40.11,0.00408,19,-77.35,-42.47,0.03798,18,-63.62,-42.51,0,17,-50.12,-45.42,0.04247,16,-39.23,-42.66,0.0796,15,-25.44,-42.25,0.05348,14,-13.83,-42.31,0.0796,13,-2.5,-41.82,0.17323,11,21.24,-40.43,0.17067,10,29.66,-42.51,0.20263,8,54.6,-43.03,0.08437,7,65.59,-46.72,0.05367,6,80.65,-44.86,0.00384,4,103.25,-44.35,1.1E-4,2,124.05,-45.83,0.00565,18,25,-193.39,-31.26,0,24,-180.29,-25.03,0,23,-166.92,-35.78,0.00153,21,-137.82,-40.11,6.2E-4,19,-109.58,-43.45,0.01323,18,-95.85,-43.51,0,17,-82.25,-47.99,0.0148,16,-71.45,-43.77,0.03424,15,-57.66,-43.44,0.01582,14,-46.04,-43.71,0.02769,13,-34.71,-43.22,0.10114,11,-10.97,-41.77,0.12269,10,-2.49,-40.03,0.30246,8,22.46,-40.46,0.17805,7,33.68,-42.16,0.14636,6,48.62,-41.2,0.02114,4,71.2,-40.79,0.00191,2,92.04,-41.99,0.0183,18,25,-225.58,-29.42,0,23,-199.14,-34.74,8.0E-5,19,-141.8,-44.42,0.00347,18,-128.07,-44.52,0,17,-114.39,-50.56,0.00411,16,-103.67,-44.88,0.01397,15,-89.88,-44.64,0.00375,14,-78.25,-45.11,0.00906,13,-66.92,-44.62,0.05116,11,-43.19,-43.11,0.04886,10,-34.63,-37.56,0.22016,8,-9.68,-37.89,0.14111,7,1.76,-37.6,0.3055,6,16.59,-37.54,0.10565,5,27.95,-37.69,0.00952,4,39.16,-37.23,0.01539,1,74.11,-39.24,0.00621,2,60.03,-38.15,0.06201,18,25,-257.77,-27.58,0,19,-174.03,-45.4,2.4E-4,18,-160.3,-45.53,0,17,-146.53,-53.13,4.0E-4,16,-135.9,-45.99,0.00429,15,-122.1,-45.83,1.7E-4,14,-110.46,-46.51,0.00185,13,-99.13,-46.02,0.02429,11,-75.4,-44.46,0.01677,10,-66.78,-35.09,0.11981,8,-41.82,-35.32,0.04602,7,-30.16,-33.05,0.21652,6,-15.44,-33.88,0.09825,5,-4.08,-34,0.10257,4,7.11,-33.67,0.05593,3,17.27,-33.91,0.00149,1,42.14,-35.07,0.08229,2,28.02,-34.3,0.22912,12,18,-192.52,-46.53,0,16,-168.12,-47.1,2.7E-4,13,-131.34,-47.42,0.0065,11,-107.61,-45.8,0.00241,10,-98.93,-32.62,0.04288,8,-73.96,-32.75,0.01112,7,-62.08,-28.49,0.08188,6,-47.48,-30.22,0.0137,5,-36.11,-30.3,0.02768,3,-14.72,-29.91,0.00888,1,10.16,-30.9,0.54151,2,-4,-30.46,0.26316,4,50,-0.64,0.01,0.89007,49,17.05,0.75,0.10904,47,47.16,5.82,8.2E-4,42,120.64,6.14,6.0E-5,5,50,-32.75,2.9,8.3E-4,49,-15.06,3.67,0.05454,47,14.94,4.74,0.93907,42,88.56,2.93,0.00556,38,144.5,-12.21,1.0E-5,8,50,-64.87,5.8,3.0E-4,49,-47.17,6.59,0.00252,47,-17.29,3.67,0.03739,46,-1.58,2.03,0.66112,45,11.82,2.58,0.29372,42,56.47,-0.28,0.00488,38,112.31,-10.37,7.0E-5,35,150.71,-14.7,1.0E-5,10,48,-61.64,12.31,2.1E-4,43,11.14,-2.89,0.98819,41,37.76,-5.07,0.00489,40,51.42,-7.41,4.2E-4,39,65.48,-7.05,0.00156,37,93.34,-9.01,0.00348,36,105.14,-5.63,9.5E-4,32,159.76,3.81,2.1E-4,31,174.76,3.96,8.0E-5,25,259.52,-17.33,0,9,43,-20.81,-7.15,0.08561,41,5.53,-6.11,0.79221,40,19.19,-6.47,0.06524,39,33.25,-6.1,0.03003,37,61.17,-6.86,0.02005,36,72.91,-4.56,0.00477,32,127.53,2.84,0.00135,31,142.54,3.04,7.3E-4,25,227.33,-15.49,0,11,43,-52.77,-11.41,0.01274,42,-39.77,-9.9,2.3E-4,41,-26.69,-7.15,0.03003,40,-13.04,-5.52,0.02591,39,1.02,-5.15,0.7009,38,15.74,-4.85,0.1117,37,29,-4.72,0.10122,36,40.69,-3.48,0.01187,32,95.31,1.86,0.00322,31,110.31,2.12,0.00218,25,195.14,-13.65,0,10,43,-84.73,-15.67,0.00196,42,-71.85,-13.11,9.0E-5,41,-58.92,-8.19,0.00241,37,-3.17,-2.57,0.22379,36,8.47,-2.41,0.76295,32,63.08,0.88,0.00483,31,78.08,1.2,0.00383,27,134.81,-3.22,1.2E-4,25,162.95,-11.81,0,24,176.49,-16.61,1.0E-5,15,43,-116.69,-19.94,2.7E-4,42,-103.93,-16.32,1.0E-5,41,-91.14,-9.23,3.2E-4,37,-35.34,-0.43,0.00307,36,-23.76,-1.34,0.0021,34,2.95,-1.21,0.88404,33,16.9,-1.13,0.08954,32,30.85,-0.09,0.01353,31,45.85,0.28,0.0066,29,71.43,3.29,0,27,102.57,-3.22,3.8E-4,25,130.76,-9.97,0,24,144.37,-13.77,1.3E-4,23,156.61,-6.45,0,21,184.59,-0.36,0,15,43,-148.65,-24.2,2.0E-5,42,-136.01,-19.53,0,41,-123.36,-10.27,3.0E-5,37,-67.51,1.72,3.3E-4,36,-55.98,-0.26,2.7E-4,34,-29.23,0.8,7.5E-4,32,-1.37,-1.07,0.21374,31,13.62,-0.64,0.78348,29,39.29,0.69,7.0E-4,27,70.33,-3.22,4.4E-4,25,98.57,-8.13,0,24,112.26,-10.94,1.8E-4,23,124.39,-5.41,3.0E-5,21,152.35,-0.36,2.0E-5,19,179.26,5.08,1.0E-5,18,43,-180.61,-28.46,0,41,-155.59,-11.31,1.0E-5,37,-99.68,3.86,3.3E-4,36,-88.2,0.81,2.8E-4,34,-61.41,2.81,4.6E-4,31,-18.61,-1.56,0.00659,30,-6.45,-2.15,0.01295,29,7.16,-1.92,0.97432,28,22.18,-1.39,1.1E-4,27,38.09,-3.22,0.00251,25,66.39,-6.29,0,24,80.14,-8.1,0.00157,23,92.16,-4.37,4.0E-4,21,120.11,-0.36,2.3E-4,19,147.03,4.1,2.2E-4,17,171.69,12.2,1.0E-5,16,184.96,4.85,0,15,198.62,5.83,0,13,37,-131.85,6.01,9.0E-5,36,-120.43,1.89,8.0E-5,34,-93.59,4.82,2.6E-4,31,-50.83,-2.48,0.00561,30,-38.63,-4.1,0.00255,27,5.85,-3.22,0.96832,24,48.03,-5.27,0.01407,23,59.94,-3.33,0.0037,21,87.87,-0.36,0.00224,19,114.8,3.12,0.00243,17,139.55,9.63,3.1E-4,16,152.73,3.74,2.1E-4,15,166.4,4.63,1.2E-4,14,34,-125.77,6.83,4.0E-5,31,-83.06,-3.4,0.0012,30,-70.81,-6.06,5.0E-4,27,-26.39,-3.22,0.01899,26,-12.63,-2.12,0.06297,25,2.01,-2.61,0.5198,24,15.91,-2.44,0.38208,23,27.71,-2.29,0.00574,21,55.63,-0.36,0.00339,19,82.58,2.15,0.00384,17,107.41,7.06,6.3E-4,16,120.51,2.63,5.0E-4,15,134.18,3.44,3.2E-4,11,180.65,6,0,16,34,-157.94,8.84,0,31,-115.29,-4.32,1.2E-4,30,-102.99,-8.01,5.0E-5,27,-58.64,-3.22,0.00154,26,-44.82,-0.23,0.00317,24,-16.21,0.4,0.00162,23,-4.51,-1.25,0.04417,22,9.4,-0.87,0.94332,19,50.35,1.17,0.00418,17,75.27,4.49,7.4E-4,16,88.29,1.51,6.1E-4,15,101.96,2.25,4.0E-4,13,124.62,3.5,2.0E-5,11,148.44,4.65,4.0E-5,10,161.29,-12.76,2.0E-5,8,186.32,-13.69,0,17,31,-147.52,-5.24,0,30,-135.17,-9.96,0,27,-90.88,-3.22,1.3E-4,26,-77,1.67,2.8E-4,24,-48.32,3.23,3.7E-4,23,-36.74,-0.21,0.00103,20,3.66,-0.23,0.97819,19,18.12,0.19,0.0175,18,31.81,0.25,2.1E-4,17,43.13,1.92,8.7E-4,16,56.07,0.4,7.4E-4,15,69.74,1.05,4.7E-4,13,92.41,2.1,6.0E-5,11,116.23,3.31,7.0E-5,10,129.15,-10.29,5.0E-5,8,154.18,-11.12,2.0E-5,7,166.97,-21.05,0,16,27,-123.12,-3.22,9.0E-5,26,-109.19,3.56,2.4E-4,24,-80.44,6.07,3.1E-4,23,-68.96,0.83,9.4E-4,21,-41.1,-0.36,6.6E-4,19,-14.1,-0.78,0.00695,18,-0.41,-0.76,0.50815,17,10.99,-0.65,0.42444,16,23.85,-0.71,0.04671,15,37.52,-0.14,0.00896,13,60.2,0.7,7.0E-4,11,84.01,1.97,7.9E-4,10,97,-7.82,6.9E-4,8,122.05,-8.55,2.6E-4,7,135.05,-16.49,1.1E-4,2,192.81,-14.04,0,13,27,-155.36,-3.22,1.0E-5,26,-141.38,5.45,6.0E-5,24,-112.56,8.9,8.0E-5,23,-101.18,1.87,3.4E-4,21,-73.34,-0.36,2.2E-4,19,-46.33,-1.76,0.00197,15,5.3,-1.33,0.99159,13,27.99,-0.71,5.5E-4,11,51.8,0.63,0.00221,10,64.85,-5.35,0.00189,8,89.91,-5.98,7.0E-4,7,103.13,-11.93,3.5E-4,2,160.8,-10.2,2.0E-5,14,26,-173.56,7.35,1.0E-5,24,-144.67,11.73,1.0E-5,23,-133.41,2.91,1.7E-4,21,-105.58,-0.36,9.0E-5,19,-78.56,-2.74,0.0011,18,-64.86,-2.77,0,16,-40.6,-2.93,0.00301,13,-4.22,-2.11,0.07055,12,7.75,-1.8,0.85999,11,19.59,-0.71,0.04735,10,32.71,-2.87,0.01329,8,57.77,-3.41,0.00298,7,71.21,-7.37,0.00134,2,128.79,-6.36,1.1E-4,11,25,-191.13,8.42,0,23,-165.63,3.95,0,19,-110.78,-3.71,6.0E-5,18,-97.09,-3.78,0,16,-72.82,-4.04,1.9E-4,13,-36.44,-3.51,7.9E-4,10,0.56,-0.4,0.98971,8,25.63,-0.84,0.00734,7,39.3,-2.81,0.00179,4,75.59,-1.28,1.0E-5,2,96.78,-2.52,1.1E-4,11,20,-157.45,-5.6,1.0E-5,17,-117.56,-10.94,1.6E-4,15,-91.35,-4.91,4.2E-4,14,-79.98,-5.4,0.0015,12,-56.69,0.42,0.00269,11,-44.84,-3.4,0.00224,9,-18.34,0.69,0.0309,7,7.38,1.75,0.95829,6,21.1,1.95,4.3E-4,3,54.2,1.54,0.00334,1,79.25,0.18,2.0E-5,10,17,-149.7,-13.51,6.0E-5,15,-123.57,-6.11,4.2E-4,14,-112.19,-6.8,0.00206,12,-88.92,1.54,0.00402,11,-77.06,-4.74,0.00302,9,-50.56,1.84,0.0229,5,0.47,5.49,0.66218,4,11.5,5.84,0.16211,3,22.2,5.53,0.13693,1,47.28,4.35,0.00632,11,25,-287.69,13.94,0,15,-155.79,-7.3,2.0E-5,14,-144.4,-8.2,5.4E-4,12,-121.14,2.65,0.00149,11,-109.27,-6.08,0.00144,9,-82.79,2.99,0.01161,6,-42.96,9.27,0.01519,5,-31.56,9.19,0.0293,4,-20.54,9.4,0.00758,1,15.31,8.52,0.28444,2,0.74,9,0.64839,8,50,2.92,39.6,0.45407,49,20.65,40.34,0.11035,47,45.84,45.54,0.34108,46,54.18,53.31,0.02155,45,66.14,55.37,0.0274,44,85.23,53.75,2.7E-4,42,116.68,45.69,0.04527,41,133.15,37.77,1.0E-5,11,50,-29.19,42.49,0.13566,49,-11.46,43.26,0.12705,47,13.61,44.47,0.47067,46,22.52,47.18,0.08045,45,34.67,48.37,0.08067,44,53.55,47.76,0.00775,42,84.6,42.48,0.09373,41,100.93,36.73,0.00185,40,117.04,30.42,9.3E-4,38,146.76,27.47,0.00115,35,186.32,22.06,9.0E-5,12,50,-61.3,45.38,0.0308,49,-43.57,46.18,0.04534,47,-18.61,43.4,0.30658,46,-9.13,41.05,0.14837,45,3.2,41.38,0.19615,44,21.87,41.77,0.06222,42,52.52,39.27,0.17962,41,68.7,35.7,0.01086,40,84.82,31.37,0.00778,39,98.87,31.74,8.4E-4,38,114.58,29.31,0.00786,35,154.2,24.9,0.00358,15,50,-93.41,48.28,0.00579,49,-75.68,49.09,0.0132,47,-50.83,42.32,0.11835,46,-40.79,34.93,0.07349,45,-28.28,34.39,0.15739,44,-9.81,35.77,0.16382,42,20.44,36.06,0.32673,41,36.48,34.66,0.05167,40,52.59,32.32,0.03378,39,66.64,32.69,0.00893,38,82.39,31.15,0.02899,35,122.08,27.73,0.01787,27,231.54,36.53,0,21,313.56,39.39,0,19,339.19,49.69,0,17,50,-125.52,51.17,2.9E-4,49,-107.79,52.01,0.00323,47,-83.06,41.25,0.0411,46,-72.44,28.8,0.02591,45,-59.75,27.39,0.06402,44,-41.49,29.78,0.08785,43,-26.07,32.25,0,42,-11.64,32.86,0.20933,41,4.25,33.62,0.15403,40,20.36,33.27,0.16849,39,34.42,33.63,0.06514,38,50.2,32.99,0.10557,35,89.97,30.57,0.07104,32,126.33,42.57,0.004,27,199.29,36.53,0,21,281.32,39.39,0,19,306.96,48.71,0,19,49,-139.9,54.93,2.8E-4,47,-115.28,40.17,0.00924,46,-104.09,22.67,0.00672,45,-91.22,20.4,0.02014,44,-73.16,23.79,0.02865,43,-58.03,27.99,0,42,-43.72,29.65,0.04465,41,-27.97,32.58,0.04223,40,-11.87,34.22,0.14597,39,2.19,34.58,0.19373,38,18.01,34.83,0.28443,35,57.85,33.4,0.19683,32,94.1,41.59,0.02436,28,147.39,48.94,0.00202,27,167.05,36.53,1.0E-5,26,182.82,26.2,7.5E-4,23,222.34,31.2,0,21,249.07,39.39,0,19,274.73,47.74,0,22,47,-147.5,39.1,8.2E-4,46,-135.75,16.55,0.00102,45,-122.7,13.4,0.00479,44,-104.84,17.79,0.00797,43,-89.98,23.73,0,42,-75.81,26.44,0.00758,41,-60.2,31.54,0.00643,40,-44.09,35.16,0.04601,39,-30.04,35.53,0.09537,38,-14.18,36.67,0.2443,37,-0.52,37.09,0.02617,35,25.73,36.23,0.44857,34,37.61,36.45,0.00605,33,50.23,37.71,2.3E-4,32,61.87,40.61,0.08672,30,87.7,43.37,2.0E-5,28,115.26,46.26,0.01217,27,134.81,36.53,2.0E-5,26,150.63,28.09,0.00577,23,190.12,32.24,0,21,216.83,39.39,0,19,242.51,46.76,0,23,46,-167.4,10.42,0,45,-154.17,6.41,6.3E-4,44,-136.52,11.8,0.00169,43,-121.94,19.47,1.0E-5,42,-107.89,23.23,4.0E-4,41,-92.42,30.5,5.2E-4,40,-76.32,36.11,0.01435,39,-62.27,36.48,0.03429,38,-46.37,38.51,0.11085,37,-32.69,39.23,0.00794,36,-22.43,38.39,6.0E-5,35,-6.38,39.07,0.39671,34,5.43,38.46,0.05295,33,18.01,38.6,0.01274,32,29.65,39.64,0.28824,30,55.51,41.42,0.00453,29,68.22,42.91,0.00105,28,83.13,43.58,0.04812,27,102.57,36.53,5.0E-5,26,118.44,29.99,0.02487,23,157.89,33.28,0,21,184.59,39.39,0,19,210.28,45.78,0,19,44,-168.2,5.81,1.0E-4,43,-153.9,15.2,1.0E-5,40,-108.55,37.06,0.00344,39,-94.49,37.43,0.01144,38,-78.56,40.35,0.04183,37,-64.86,41.38,2.7E-4,36,-54.66,39.47,9.0E-5,35,-38.5,41.9,0.16199,34,-26.75,40.47,0.01381,32,-2.58,38.66,0.49637,30,23.33,39.47,0.04137,29,36.08,40.31,0.02012,28,51,40.9,0.13562,27,70.33,36.53,6.0E-5,26,86.26,31.88,0.07198,22,140.54,31.01,2.5E-4,21,152.35,39.39,0,20,163.46,44.86,0.00125,19,178.05,44.81,0,21,43,-185.86,10.94,0,40,-140.78,38.01,2.9E-4,39,-126.72,38.37,0.00253,38,-110.75,42.19,0.01191,36,-86.88,40.54,4.0E-5,35,-70.62,44.74,0.05322,34,-58.93,42.48,0.00103,32,-34.81,37.68,0.26831,30,-8.85,37.52,0.04737,29,3.94,37.7,0.07198,28,18.87,38.23,0.34919,27,38.09,36.53,1.0E-5,26,54.07,33.77,0.17387,25,68.65,33.4,0.00528,24,83.64,31.49,0.00128,23,93.44,35.36,2.7E-4,22,108.36,32.96,0.00347,21,120.11,39.39,0,20,131.23,43.79,0.00984,19,145.83,43.83,0,18,159.48,44.01,1.1E-4,21,43,-217.82,6.68,0,39,-158.95,39.32,2.3E-4,38,-142.94,44.03,0.00232,36,-119.1,41.61,1.0E-5,35,-102.73,47.57,0.01459,32,-67.03,36.71,0.10125,30,-41.03,35.57,0.00247,29,-28.19,35.09,0.02039,28,-13.26,35.55,0.40271,26,21.89,35.67,0.33901,25,36.46,35.23,0.04443,24,51.52,34.33,0.01343,23,61.22,36.4,0.00478,22,76.17,34.91,0.01498,21,87.87,39.39,0,20,99.01,42.72,0.03658,19,113.6,42.85,0,18,127.25,43,0.00174,17,136.38,49.25,8.0E-4,14,175.99,45.52,2.6E-4,4,304.29,13.3,0,20,43,-249.78,2.42,0,38,-175.12,45.87,9.0E-5,36,-151.33,42.69,0,35,-134.85,50.4,0.00244,32,-99.26,35.73,0.03544,29,-60.33,32.49,0.00144,28,-45.39,32.87,0.20903,26,-10.3,37.56,0.25162,25,4.27,37.07,0.1752,24,19.4,37.16,0.06882,23,29,37.44,0.04413,22,43.99,36.86,0.06179,20,66.79,41.64,0.12323,19,81.37,41.88,0,18,95.02,41.99,0.00933,17,104.24,46.68,0.00903,15,132.71,43.16,0.00164,14,143.77,44.12,0.00479,12,170.23,32.37,0.00197,4,272.25,16.86,0,21,43,-281.74,-1.84,0,36,-183.55,43.76,0,35,-166.97,53.24,0,32,-131.49,34.75,0.00924,28,-77.52,30.19,0.08116,26,-42.48,39.45,0.07333,25,-27.91,38.91,0.11192,24,-12.71,39.99,0.04593,23,-3.23,38.48,0.11045,22,11.81,38.81,0.15971,21,23.38,39.39,0.00182,20,34.56,40.57,0.29584,19,49.15,40.9,0,18,62.8,40.98,0.02982,17,72.1,44.11,0.03692,16,86.92,41.24,0.001,15,100.49,41.97,0.01,14,111.56,42.72,0.02101,12,138.01,33.48,0.01142,9,176.4,33.51,4.3E-4,4,240.2,20.42,0,19,43,-313.69,-6.1,0,36,-215.77,44.84,0,32,-163.71,33.78,0.00105,28,-109.65,27.52,0.02466,26,-74.67,41.35,0.01786,25,-60.1,40.75,0.03944,24,-44.83,42.83,0.00692,23,-35.45,39.52,0.02749,22,-20.37,40.76,0.0985,21,-8.86,39.39,0.02005,20,2.34,39.49,0.42808,18,30.57,39.98,0.08364,17,39.96,41.54,0.10835,16,54.7,40.13,0.01076,15,68.27,40.78,0.03327,14,79.35,41.32,0.05895,12,105.79,34.6,0.03604,9,144.18,34.66,0.00493,4,208.16,23.98,0,20,28,-141.78,24.84,0.00555,26,-106.86,43.24,0.00289,25,-92.29,42.59,0.01199,24,-76.95,45.66,6.1E-4,23,-67.68,40.56,0.00491,22,-52.56,42.71,0.03019,21,-41.1,39.39,0.00203,20,-29.88,38.42,0.23729,18,-1.65,38.97,0.08807,17,7.82,38.97,0.23245,16,22.48,39.02,0.06134,15,36.05,39.58,0.08551,14,47.14,39.92,0.1307,12,73.57,35.71,0.08501,11,82.36,41.69,0.00165,9,111.96,35.81,0.01921,7,140.67,22.86,4.0E-5,6,153.75,26.8,3.7E-4,4,176.11,27.54,0,3,187.1,24.98,1.9E-4,17,28,-173.91,22.16,4.7E-4,25,-124.48,44.43,0.00267,23,-99.9,41.6,3.3E-4,22,-84.74,44.66,0.00789,20,-62.11,37.35,0.08224,18,-33.88,37.96,0.01357,17,-24.32,36.4,0.16266,16,-9.75,37.91,0.06828,15,3.83,38.39,0.16487,14,14.93,38.51,0.25417,12,41.34,36.82,0.17771,11,50.14,40.34,0.00992,9,79.74,36.96,0.04925,7,108.75,27.42,0.00113,6,121.71,30.46,0.0029,4,144.07,31.1,0,3,155.1,28.98,0.00193,15,25,-156.67,46.27,4.5E-4,22,-116.92,46.61,0.00193,20,-94.33,36.27,0.02906,18,-66.1,36.96,0.0017,17,-56.46,33.83,0.06305,16,-41.97,36.8,0.01643,15,-28.39,37.2,0.11201,14,-17.28,37.11,0.27105,12,9.12,37.93,0.29221,11,17.93,39,0.05442,9,47.52,38.11,0.12803,7,76.84,31.98,0.00766,6,89.68,34.12,0.01282,4,112.03,34.66,0,3,123.11,32.98,0.00917,16,25,-188.86,48.11,0,22,-149.1,48.56,2.4E-4,20,-126.55,35.2,0.00939,17,-88.59,31.26,0.02645,16,-74.19,35.69,0.00448,15,-60.61,36,0.05067,14,-49.49,35.71,0.14466,12,-23.1,39.04,0.21913,11,-14.28,37.66,0.11348,9,15.3,39.26,0.30806,7,44.92,36.54,0.0383,6,57.65,37.78,0.04782,5,69.09,37.59,0.00151,4,79.98,38.22,0,3,91.12,36.98,0.03389,2,101.51,36.95,0.00192,15,20,-158.78,34.12,0.00174,17,-120.73,28.68,0.00913,16,-106.41,34.57,7.5E-4,15,-92.83,34.81,0.02041,14,-81.7,34.31,0.06556,12,-55.32,40.15,0.10576,11,-46.5,36.32,0.0666,9,-16.92,40.41,0.32869,7,13,41.1,0.10806,6,25.62,41.45,0.15072,5,37.06,41.28,0.01996,4,47.94,41.78,0,3,59.13,40.98,0.10156,1,84.39,39.59,0.00537,2,69.5,40.79,0.01568,14,25,-253.24,51.79,0,20,-191,33.05,1.0E-5,17,-152.87,26.11,0.0021,15,-125.04,33.62,0.0068,14,-113.91,32.91,0.02654,12,-87.55,41.26,0.04697,11,-78.71,34.97,0.03219,9,-49.15,41.57,0.19108,7,-18.92,45.66,0.05656,6,-6.42,45.11,0.19908,5,5.03,44.98,0.0944,3,27.13,44.98,0.22501,1,52.42,43.76,0.04411,2,37.49,44.63,0.07513,13,25,-285.42,53.63,0,17,-185.01,23.54,1.2E-4,15,-157.26,32.42,0.00144,14,-146.12,31.51,0.00864,12,-119.77,42.37,0.01831,11,-110.92,33.63,0.01476,9,-81.37,42.72,0.10029,7,-50.83,50.22,0.01654,6,-38.45,48.77,0.11793,5,-27,48.67,0.08905,3,-4.86,48.98,0.23677,1,20.45,47.93,0.17945,2,5.48,48.47,0.21669],"hull":46,"edges":[2,4,4,6,6,8,8,10,10,12,12,14,14,16,16,18,18,20,20,22,22,24,24,26,26,28,28,30,30,32,32,34,34,36,36,38,38,40,40,42,48,50,50,52,52,54,54,56,56,58,58,60,60,62,62,64,64,66,66,68,68,70,70,72,72,74,74,76,76,78,78,80,80,82,82,84,84,86,86,88,88,90,90,0,0,2,42,44,46,48,44,46],"width":935,"height":159}},"tienlen3":{"tienlen3":{"type":"mesh","uvs":[0.64513,0.01121,0.68353,0.08778,0.48058,0.36939,0.48606,0.41385,0.68902,0.67322,0.99071,0.73003,1,0.87084,0.65611,1,0.14597,1,0,0.77944,0.07467,0.74238,0.45315,0.6831,0.15146,0.41138,0.15146,0.35703,0.22277,0.08037,0.31602,0],"triangles":[8,11,7,6,4,5,6,7,4,7,11,4,9,10,8,8,10,11,11,3,4,11,12,3,12,2,3,12,13,2,13,14,2,14,15,2,1,15,0,1,2,15],"vertices":[1,52,-10.6,8.95,1,1,52,0.02,14.2,1,2,52,44.6,10.77,0.70061,55,-2.83,12.3,0.29939,2,52,51.04,12.7,0.22617,55,3.56,10.22,0.77383,1,55,45.07,8.93,1,1,55,60.48,24.95,1,1,55,80.53,17.86,1,1,55,90.27,-11,1,1,55,77.72,-43.34,1,1,55,43.08,-40.55,1,1,55,39.7,-33.8,1,1,55,40.66,-6.57,1,2,52,56.01,-9.5,0.32999,55,-5.01,-10.86,0.67001,2,52,48.04,-11.43,0.75395,55,-12.66,-7.89,0.24605,1,52,6.29,-16.52,1,1,52,-7,-13.2,1],"hull":16,"edges":[0,2,2,4,4,6,6,8,8,10,10,12,12,14,14,16,16,18,18,20,20,22,22,24,24,26,26,28,28,30,0,30],"width":68,"height":151}},"tienlen4":{"tienlen2":{"type":"mesh","uvs":[0.30334,0,0.39134,0.11266,0.33934,0.43921,0.35753,0.49445,0.59741,0.64112,0.66549,0.51039,0.82757,0.49126,1,0.60924,1,0.95041,0.74653,1,0.67197,0.9249,0.63631,0.82924,0.55203,0.74953,0.16627,0.57416,0.15655,0.5072,0,0.15009,0.04309,0.00661],"triangles":[9,10,8,8,11,7,11,8,10,7,11,6,5,6,4,12,4,11,6,11,4,13,3,12,12,3,4,13,14,3,14,15,1,14,2,3,2,14,1,15,0,1,16,0,15],"vertices":[1,51,-14.08,16.33,1,1,51,1.11,24.67,1,2,51,39.54,12.45,0.71877,56,4.17,13.36,0.28123,2,51,46.53,13.58,0.21044,56,9.61,8.82,0.78956,1,56,43.5,9.05,1,1,56,41.9,26.9,1,1,56,57.11,39.25,1,1,56,82.29,38.12,1,1,56,104.5,2.92,1,1,56,82,-18.43,1,1,56,69.55,-15.45,1,1,56,59.7,-7.87,1,1,56,45.96,-5.04,1,2,51,52.65,-10.58,0.18272,56,-4.61,-11.65,0.81728,2,51,44.4,-10.49,0.66207,56,-9.96,-5.36,0.33793,1,51,-1.52,-22.43,1,1,51,-18.03,-14.66,1],"hull":17,"edges":[0,2,2,4,4,6,6,8,8,10,10,12,12,14,14,16,16,18,18,20,20,22,22,24,24,26,26,28,28,30,30,32,0,32],"width":120,"height":122}},"tienlen5":{"tienlen3":{"type":"mesh","uvs":[0.28311,0.0038,0.18437,0.1199,0.15694,0.42867,0.40927,0.67075,0,0.75721,0,0.83625,0.15694,1,0.64513,1,1,0.86342,1,0.77203,0.8426,0.68063,0.65611,0.66334,0.47509,0.4015,0.46412,0.34715,0.71096,0.05073,0.66159,0],"triangles":[6,3,7,7,10,8,7,11,10,7,3,11,3,6,4,10,9,8,6,5,4,3,12,11,3,2,12,2,13,12,2,1,13,1,0,13,13,15,14,13,0,15],"vertices":[1,53,-6.12,-10.2,1,1,53,12.32,-13.7,1,2,53,58.54,-7.27,0.05803,54,-0.42,-11.79,0.94197,1,54,39.82,-8.51,1,1,54,42.31,-39.15,1,1,54,53.49,-43.33,1,1,54,80.39,-41.98,1,1,54,92.01,-10.88,1,1,54,81.14,18.94,1,1,54,68.21,23.77,1,1,54,51.54,18.57,1,1,54,44.65,7.61,1,2,53,50.66,13.3,0.12599,54,3.31,9.91,0.87401,2,53,42.72,11.11,0.66016,54,-4.64,12.09,0.33984,1,53,-4.31,19.69,1,1,53,-11.25,15.03,1],"hull":16,"edges":[0,2,2,4,4,6,6,8,8,10,10,12,12,14,14,16,16,18,18,20,20,22,22,24,24,26,26,28,28,30,0,30],"width":68,"height":151}},"tienlen6":{"tienlen2":{"type":"mesh","uvs":[0.30334,0,0.39134,0.11266,0.33934,0.43921,0.35753,0.49445,0.59741,0.64112,0.66549,0.51039,0.82757,0.49126,1,0.60924,1,0.95041,0.74653,1,0.67197,0.9249,0.63631,0.82924,0.55203,0.74953,0.16627,0.57416,0.15655,0.5072,0,0.15009,0.04309,0.00661],"triangles":[9,10,8,8,11,7,11,8,10,7,11,6,5,6,4,12,4,11,6,11,4,13,3,12,12,3,4,13,14,3,14,2,3,14,15,1,2,14,1,15,0,1,16,0,15],"vertices":[1,57,-16.76,6.41,1,1,57,-2.77,16.63,1,2,57,36.91,9.43,0.64392,58,1.1,9.81,0.35608,2,57,43.7,11.45,0.07286,58,6.75,5.54,0.92714,1,58,40.6,7.39,1,1,58,38.14,25.14,1,1,58,52.74,38.21,1,1,58,77.94,38.28,1,1,58,101.81,4.18,1,1,58,80.36,-18.21,1,1,58,67.78,-15.84,1,1,58,57.58,-8.73,1,1,58,43.72,-6.57,1,2,57,52.87,-11.73,0.24108,58,-6.47,-15.58,0.75892,2,57,44.68,-12.7,0.61318,58,-12.11,-9.56,0.38682,1,57,0.67,-30.43,1,1,57,-16.71,-24.83,1],"hull":17,"edges":[0,2,2,4,4,6,6,8,8,10,10,12,12,14,14,16,16,18,18,20,20,22,22,24,24,26,26,28,28,30,30,32,0,32],"width":120,"height":122}}}},"animations":{"sanhrongdonghoa":{"slots":{"tienlen2":{"color":[{"time":0,"color":"ffffff00","curve":[0.25,0,0.75,1]},{"time":0.1,"color":"ffffffff","curve":"stepped"},{"time":1.8667,"color":"ffffffff","curve":[0.25,0,0.75,1]},{"time":2.1,"color":"ffffff00"}]},"tienlen3":{"color":[{"time":0,"color":"ffffff00","curve":[0.25,0,0.75,1]},{"time":0.1,"color":"ffffffff","curve":"stepped"},{"time":1.8667,"color":"ffffffff","curve":[0,0.25,1,0.75]},{"time":2.1,"color":"ffffff00"}]},"tienlen4":{"color":[{"time":0,"color":"ffffff00","curve":[0.25,0,0.75,1]},{"time":0.1,"color":"ffffffff","curve":"stepped"},{"time":1.8667,"color":"ffffffff","curve":[0,0.25,1,0.75]},{"time":2.1,"color":"ffffff00"}]},"tienlen5":{"color":[{"time":0,"color":"ffffff00","curve":[0.25,0,0.75,1]},{"time":0.1,"color":"ffffffff","curve":"stepped"},{"time":1.8667,"color":"ffffffff","curve":[0,0.25,1,0.75]},{"time":2.1,"color":"ffffff00"}]},"tienlen6":{"color":[{"time":0,"color":"ffffff00","curve":[0.25,0,0.75,1]},{"time":0.1,"color":"ffffffff","curve":"stepped"},{"time":1.8667,"color":"ffffffff","curve":[0,0.25,1,0.75]},{"time":2.1,"color":"ffffff00"}]}},"bones":{"bone59":{"rotate":[{"time":0,"angle":11.44,"curve":[0.25,0,0.75,1]},{"time":0.5667,"angle":20.8,"curve":[0.25,0,0.75,1]},{"time":0.6667,"angle":7.57,"curve":[0.25,0,0.75,1]},{"time":0.8,"angle":26.74,"curve":[0.25,0,0.75,1]},{"time":1.7,"angle":33.28,"curve":[0.25,0,0.75,1]},{"time":1.7667,"angle":-2.39}]},"bone61":{"rotate":[{"time":0,"angle":-59.58,"curve":"stepped"},{"time":0.6667,"angle":-59.58,"curve":[0.25,0,0.75,1]},{"time":0.9667,"angle":-73.38,"curve":"stepped"},{"time":1.7,"angle":-73.38,"curve":[0.25,0,0.75,1]},{"time":1.8667,"angle":-5.89,"curve":[0.25,0,0.75,1]},{"time":2,"angle":17.45,"curve":[0.25,0,0.75,1]},{"time":2.2,"angle":-48.44}]},"bone64":{"rotate":[{"time":0,"angle":0,"curve":[0.25,0,0.75,1]},{"time":0.6667,"angle":-19.88,"curve":[0.25,0,0.75,1]},{"time":0.9667,"angle":-27.64,"curve":"stepped"},{"time":1.7333,"angle":-27.64,"curve":[0.25,0,0.75,1]},{"time":2,"angle":19.04,"curve":[0.25,0,0.75,1]},{"time":2.2333,"angle":-3.13}]},"bone60":{"rotate":[{"time":0.3333,"angle":0,"curve":[0.25,0,0.75,1]},{"time":0.6667,"angle":-75.16,"curve":[0.25,0,0.75,1]},{"time":0.9333,"angle":-108.03,"curve":"stepped"},{"time":1.5333,"angle":-108.03,"curve":[0.25,0,0.75,1]},{"time":1.7,"angle":-58.43,"curve":[0.25,0,0.75,1]},{"time":1.8667,"angle":-38.8,"curve":[0.25,0,0.75,1]},{"time":2.1667,"angle":-64.14}]},"bone65":{"rotate":[{"time":0.3333,"angle":0,"curve":[0.25,0,0.75,1]},{"time":0.6667,"angle":-8.47,"curve":[0.25,0,0.75,1]},{"time":0.9333,"angle":-22.47,"curve":"stepped"},{"time":1.5333,"angle":-22.47,"curve":[0.25,0,0.75,1]},{"time":1.7,"angle":17.97,"curve":[0.25,0,0.75,1]},{"time":1.8667,"angle":44.86,"curve":[0.25,0,0.75,1]},{"time":2.1667,"angle":18.13}]},"bone62":{"rotate":[{"time":0,"angle":-53.08,"curve":"stepped"},{"time":0.3333,"angle":-53.08,"curve":[0.25,0,0.75,1]},{"time":0.6,"angle":-96.86,"curve":[0.25,0,0.75,1]},{"time":0.9333,"angle":-78.1,"curve":"stepped"},{"time":1.7,"angle":-78.1,"curve":[0.25,0,0.75,1]},{"time":1.7667,"angle":-48.29,"curve":[0.25,0,0.75,1]},{"time":1.9667,"angle":-54.54,"curve":[0.25,0,0.75,1]},{"time":2.1,"angle":-25.79,"curve":[0.25,0,0.75,1]},{"time":2.2333,"angle":-50.54}]},"bone63":{"rotate":[{"time":0,"angle":32.69,"curve":"stepped"},{"time":0.3333,"angle":32.69,"curve":[0.25,0,0.75,1]},{"time":0.6,"angle":54.87,"curve":[0.25,0,0.75,1]},{"time":0.9333,"angle":-8.38,"curve":"stepped"},{"time":1.7,"angle":-8.38,"curve":[0.25,0,0.75,1]},{"time":1.7667,"angle":13.83,"curve":[0.25,0,0.75,1]},{"time":1.9667,"angle":96.58,"curve":[0.25,0,0.75,1]},{"time":2.1,"angle":56.08,"curve":[0.25,0,0.75,1]},{"time":2.2333,"angle":29.55}]},"bone66":{"rotate":[{"time":0.4333,"angle":0,"curve":[0.25,0,0.75,1]},{"time":0.5667,"angle":-79.52,"curve":[0.25,0,0.75,1]},{"time":0.8,"angle":-112.05,"curve":[0.25,0,0.75,1]},{"time":1.2333,"angle":-100.41,"curve":"stepped"},{"time":1.5333,"angle":-100.41,"curve":[0.25,0,0.75,1]},{"time":1.7333,"angle":-31.02,"curve":[0.25,0,0.75,1]},{"time":1.9333,"angle":-35.25,"curve":[0.25,0,0.75,1]},{"time":2.1,"angle":-34.68}]},"bone67":{"rotate":[{"time":0.4333,"angle":0,"curve":[0.25,0,0.75,1]},{"time":0.5667,"angle":-10.84,"curve":[0.25,0,0.75,1]},{"time":0.8,"angle":21.6,"curve":[0.25,0,0.75,1]},{"time":1.2333,"angle":-31.06,"curve":"stepped"},{"time":1.5333,"angle":-31.06,"curve":[0.25,0,0.75,1]},{"time":1.7333,"angle":23.62,"curve":[0.25,0,0.75,1]},{"time":1.9333,"angle":58.83,"curve":[0.25,0,0.75,1]},{"time":2.1,"angle":9.38}]}},"paths":{"duongbay":{"position":[{"time":0,"curve":[0,0.26,1,0.74]},{"time":2.3333,"position":1}]}}}}}