{
"skeleton": { "hash": "DymnGrzkoAhbSI6LiCJYflhG5pA", "spine": "3.7.94", "width": 463, "height": 408, "images": "./images/", "audio": "" },
"bones": [
	{ "name": "root" },
	{ "name": "lighting02", "parent": "root", "x": -2.85, "y": -6.48 },
	{ "name": "Light", "parent": "root", "x": 1.42, "y": -33.55 },
	{ "name": "lighting01", "parent": "Light", "x": -4.78, "y": 24.33 },
	{ "name": "lighting1", "parent": "Light", "x": -4.78, "y": 24.33 },
	{ "name": "lighting2", "parent": "Light", "x": -4.78, "y": 24.33 },
	{ "name": "lighting3", "parent": "Light", "x": -4.78, "y": 24.33 },
	{ "name": "lighting4", "parent": "Light", "x": -4.78, "y": 24.33 },
	{ "name": "lighting5", "parent": "Light", "x": -4.78, "y": 24.33 },
	{ "name": "lighting6", "parent": "Light", "x": -4.78, "y": 24.33 },
	{ "name": "lighting7", "parent": "Light", "x": -4.78, "y": 24.33 },
	{ "name": "lighting8", "parent": "Light", "x": -4.78, "y": 24.33 },
	{ "name": "lighting9", "parent": "Light", "x": -4.78, "y": 24.33 },
	{ "name": "Light2", "parent": "root", "x": 1.42, "y": -33.55 },
	{ "name": "lighting10", "parent": "Light2", "x": -4.78, "y": 24.33 },
	{ "name": "lighting11", "parent": "Light2", "x": -4.78, "y": 24.33 },
	{ "name": "lighting12", "parent": "Light2", "x": -4.78, "y": 24.33 },
	{ "name": "lighting13", "parent": "Light2", "x": -4.78, "y": 24.33 },
	{ "name": "lighting14", "parent": "Light2", "x": -4.78, "y": 24.33 },
	{ "name": "lighting15", "parent": "Light2", "x": -4.78, "y": 24.33 },
	{ "name": "lighting16", "parent": "Light2", "x": -4.78, "y": 24.33 },
	{ "name": "lighting17", "parent": "Light2", "x": -4.78, "y": 24.33 },
	{ "name": "lighting18", "parent": "Light2", "x": -4.78, "y": 24.33 },
	{ "name": "lighting19", "parent": "Light2", "x": -4.78, "y": 24.33 },
	{ "name": "HopLacXiNgau", "parent": "root", "x": -4.23, "y": -84.33 }
],
"slots": [
	{ "name": "DayHop", "bone": "HopLacXiNgau", "attachment": "DayHop" },
	{ "name": "lighting01", "bone": "lighting01", "blend": "additive" },
	{ "name": "lighting10", "bone": "lighting10", "blend": "additive" },
	{ "name": "lighting1", "bone": "lighting1", "blend": "additive" },
	{ "name": "lighting11", "bone": "lighting11", "blend": "additive" },
	{ "name": "lighting2", "bone": "lighting2", "blend": "additive" },
	{ "name": "lighting12", "bone": "lighting12", "blend": "additive" },
	{ "name": "lighting5", "bone": "lighting5", "blend": "additive" },
	{ "name": "lighting15", "bone": "lighting15", "blend": "additive" },
	{ "name": "lighting6", "bone": "lighting6", "blend": "additive" },
	{ "name": "lighting16", "bone": "lighting16", "blend": "additive" },
	{ "name": "lighting7", "bone": "lighting7", "blend": "additive" },
	{ "name": "lighting17", "bone": "lighting17", "blend": "additive" },
	{ "name": "lighting8", "bone": "lighting8", "blend": "additive" },
	{ "name": "lighting18", "bone": "lighting18", "blend": "additive" },
	{ "name": "lighting9", "bone": "lighting9", "blend": "additive" },
	{ "name": "lighting19", "bone": "lighting19", "blend": "additive" },
	{ "name": "lighting3", "bone": "lighting3", "blend": "additive" },
	{ "name": "lighting13", "bone": "lighting13", "blend": "additive" },
	{ "name": "lighting4", "bone": "lighting4", "blend": "additive" },
	{ "name": "lighting14", "bone": "lighting14", "blend": "additive" },
	{ "name": "lighting02", "bone": "lighting02", "color": "ffffffb9", "blend": "additive" }
],
"skins": {
	"default": {
		"DayHop": {
			"DayHop": { "x": 4.23, "y": 84.33, "width": 463, "height": 408 }
		},
		"lighting01": {
			"lighting01": { "x": -2.83, "y": -0.61, "width": 188, "height": 179 }
		},
		"lighting02": {
			"lighting02": { "x": 2.86, "y": -2.04, "width": 415, "height": 415 }
		},
		"lighting1": {
			"lighting01": { "x": -2.83, "y": -0.61, "width": 188, "height": 179 }
		},
		"lighting10": {
			"lighting01": { "x": -2.83, "y": -0.61, "width": 188, "height": 179 }
		},
		"lighting11": {
			"lighting01": { "x": -2.83, "y": -0.61, "width": 188, "height": 179 }
		},
		"lighting12": {
			"lighting01": { "x": -2.83, "y": -0.61, "width": 188, "height": 179 }
		},
		"lighting13": {
			"lighting01": { "x": -2.83, "y": -0.61, "width": 188, "height": 179 }
		},
		"lighting14": {
			"lighting01": { "x": -2.83, "y": -0.61, "width": 188, "height": 179 }
		},
		"lighting15": {
			"lighting01": { "x": -2.83, "y": -0.61, "width": 188, "height": 179 }
		},
		"lighting16": {
			"lighting01": { "x": -2.83, "y": -0.61, "width": 188, "height": 179 }
		},
		"lighting17": {
			"lighting01": { "x": -2.83, "y": -0.61, "width": 188, "height": 179 }
		},
		"lighting18": {
			"lighting01": { "x": -2.83, "y": -0.61, "width": 188, "height": 179 }
		},
		"lighting19": {
			"lighting01": { "x": -2.83, "y": -0.61, "width": 188, "height": 179 }
		},
		"lighting2": {
			"lighting01": { "x": -2.83, "y": -0.61, "width": 188, "height": 179 }
		},
		"lighting3": {
			"lighting01": { "x": -2.83, "y": -0.61, "width": 188, "height": 179 }
		},
		"lighting4": {
			"lighting01": { "x": -2.83, "y": -0.61, "width": 188, "height": 179 }
		},
		"lighting5": {
			"lighting01": { "x": -2.83, "y": -0.61, "width": 188, "height": 179 }
		},
		"lighting6": {
			"lighting01": { "x": -2.83, "y": -0.61, "width": 188, "height": 179 }
		},
		"lighting7": {
			"lighting01": { "x": -2.83, "y": -0.61, "width": 188, "height": 179 }
		},
		"lighting8": {
			"lighting01": { "x": -2.83, "y": -0.61, "width": 188, "height": 179 }
		},
		"lighting9": {
			"lighting01": { "x": -2.83, "y": -0.61, "width": 188, "height": 179 }
		}
	}
},
"animations": {
	"MoNap": {
		"slots": {
			"lighting01": {
				"color": [
					{ "time": 0.5333, "color": "ffffffff" },
					{ "time": 0.6667, "color": "ffffff00" }
				],
				"attachment": [
					{ "time": 0, "name": "lighting01" }
				]
			},
			"lighting1": {
				"color": [
					{ "time": 0.5333, "color": "ffffffff" },
					{ "time": 0.6667, "color": "ffffff00" }
				],
				"attachment": [
					{ "time": 0, "name": "lighting01" }
				]
			},
			"lighting02": {
				"attachment": [
					{ "time": 0, "name": "lighting02" }
				]
			},
			"lighting2": {
				"color": [
					{ "time": 0.5333, "color": "ffffffff" },
					{ "time": 0.6667, "color": "ffffff00" }
				],
				"attachment": [
					{ "time": 0, "name": "lighting01" }
				]
			},
			"lighting3": {
				"color": [
					{ "time": 0.5333, "color": "ffffffff" },
					{ "time": 0.6667, "color": "ffffff00" }
				],
				"attachment": [
					{ "time": 0, "name": "lighting01" }
				]
			},
			"lighting4": {
				"color": [
					{ "time": 0.5333, "color": "ffffffff" },
					{ "time": 0.6667, "color": "ffffff00" }
				],
				"attachment": [
					{ "time": 0, "name": "lighting01" }
				]
			},
			"lighting5": {
				"color": [
					{ "time": 0.5333, "color": "ffffffff" },
					{ "time": 0.6667, "color": "ffffff00" }
				],
				"attachment": [
					{ "time": 0, "name": "lighting01" }
				]
			},
			"lighting6": {
				"color": [
					{ "time": 0.5333, "color": "ffffffff" },
					{ "time": 0.6667, "color": "ffffff00" }
				],
				"attachment": [
					{ "time": 0, "name": "lighting01" }
				]
			},
			"lighting7": {
				"color": [
					{ "time": 0.5333, "color": "ffffffff" },
					{ "time": 0.6667, "color": "ffffff00" }
				],
				"attachment": [
					{ "time": 0, "name": "lighting01" }
				]
			},
			"lighting8": {
				"color": [
					{ "time": 0.5333, "color": "ffffffff" },
					{ "time": 0.6667, "color": "ffffff00" }
				],
				"attachment": [
					{ "time": 0, "name": "lighting01" }
				]
			},
			"lighting9": {
				"color": [
					{ "time": 0.5333, "color": "ffffffff" },
					{ "time": 0.6667, "color": "ffffff00" }
				],
				"attachment": [
					{ "time": 0, "name": "lighting01" }
				]
			},
			"lighting10": {
				"color": [
					{ "time": 0.5333, "color": "ffffffff" },
					{ "time": 0.6667, "color": "ffffff00" }
				],
				"attachment": [
					{ "time": 0, "name": "lighting01" }
				]
			},
			"lighting11": {
				"color": [
					{ "time": 0.5333, "color": "ffffffff" },
					{ "time": 0.6667, "color": "ffffff00" }
				],
				"attachment": [
					{ "time": 0, "name": "lighting01" }
				]
			},
			"lighting12": {
				"color": [
					{ "time": 0.5333, "color": "ffffffff" },
					{ "time": 0.6667, "color": "ffffff00" }
				],
				"attachment": [
					{ "time": 0, "name": "lighting01" }
				]
			},
			"lighting13": {
				"color": [
					{ "time": 0.5333, "color": "ffffffff" },
					{ "time": 0.6667, "color": "ffffff00" }
				],
				"attachment": [
					{ "time": 0, "name": "lighting01" }
				]
			},
			"lighting14": {
				"color": [
					{ "time": 0.5333, "color": "ffffffff" },
					{ "time": 0.6667, "color": "ffffff00" }
				],
				"attachment": [
					{ "time": 0, "name": "lighting01" }
				]
			},
			"lighting15": {
				"color": [
					{ "time": 0.5333, "color": "ffffffff" },
					{ "time": 0.6667, "color": "ffffff00" }
				],
				"attachment": [
					{ "time": 0, "name": "lighting01" }
				]
			},
			"lighting16": {
				"color": [
					{ "time": 0.5333, "color": "ffffffff" },
					{ "time": 0.6667, "color": "ffffff00" }
				],
				"attachment": [
					{ "time": 0, "name": "lighting01" }
				]
			},
			"lighting17": {
				"color": [
					{ "time": 0.5333, "color": "ffffffff" },
					{ "time": 0.6667, "color": "ffffff00" }
				],
				"attachment": [
					{ "time": 0, "name": "lighting01" }
				]
			},
			"lighting18": {
				"color": [
					{ "time": 0.5333, "color": "ffffffff" },
					{ "time": 0.6667, "color": "ffffff00" }
				],
				"attachment": [
					{ "time": 0, "name": "lighting01" }
				]
			},
			"lighting19": {
				"color": [
					{ "time": 0.5333, "color": "ffffffff" },
					{ "time": 0.6667, "color": "ffffff00" }
				],
				"attachment": [
					{ "time": 0, "name": "lighting01" }
				]
			}
		},
		"bones": {
			"lighting02": {
				"rotate": [
					{ "time": 0, "angle": 0 },
					{ "time": 0.3333, "angle": 90 },
					{ "time": 0.6667, "angle": 180 },
					{ "time": 1, "angle": -90 },
					{ "time": 1.3333, "angle": 0 }
				],
				"translate": [
					{ "time": 0, "x": 0, "y": 0 },
					{ "time": 0.6667, "x": 0, "y": -70.24 },
					{ "time": 1.3333, "x": 0, "y": 0 }
				],
				"scale": [
					{ "time": 0, "x": 0.5, "y": 0.5 },
					{ "time": 0.2, "x": 1.419, "y": 1.335 },
					{ "time": 0.3333, "x": 1.25, "y": 1.892 },
					{ "time": 0.4333, "x": 1.475, "y": 1.516 },
					{ "time": 0.5, "x": 1.625, "y": 1.534 },
					{ "time": 0.6, "x": 1.639, "y": 1.515 },
					{ "time": 0.6667, "x": 2, "y": 1.454 },
					{ "time": 0.7333, "x": 1.662, "y": 1.509 },
					{ "time": 0.8333, "x": 1.708, "y": 1.661 },
					{ "time": 0.9, "x": 1.525, "y": 1.559 },
					{ "time": 1, "x": 1.25, "y": 1.892 },
					{ "time": 1.0667, "x": 1.457, "y": 1.55 },
					{ "time": 1.1667, "x": 1.091, "y": 1.037 },
					{ "time": 1.3333, "x": 0, "y": 0 }
				]
			},
			"lighting01": {
				"translate": [
					{ "time": 0, "x": 0, "y": 0 },
					{ "time": 0.6667, "x": -282.89, "y": -319.96 }
				],
				"scale": [
					{ "time": 0, "x": -0.003, "y": -0.003 },
					{ "time": 0.6667, "x": 1, "y": 1 }
				]
			},
			"lighting1": {
				"translate": [
					{ "time": 0, "x": 0, "y": 0 },
					{ "time": 0.6667, "x": -171.69, "y": -308.26 }
				],
				"scale": [
					{ "time": 0, "x": -0.003, "y": -0.003 },
					{ "time": 0.6667, "x": 0.5, "y": 0.5 }
				]
			},
			"lighting2": {
				"translate": [
					{ "time": 0, "x": 0, "y": 0 },
					{ "time": 0.6667, "x": -304.36, "y": -122.91 }
				],
				"scale": [
					{ "time": 0, "x": -0.003, "y": -0.003 },
					{ "time": 0.6667, "x": 0.5, "y": 0.5 }
				]
			},
			"lighting3": {
				"translate": [
					{ "time": 0, "x": 0, "y": 0 },
					{ "time": 0.6667, "x": -251.68, "y": -197.05 }
				],
				"scale": [
					{ "time": 0, "x": -0.003, "y": -0.003 },
					{ "time": 0.6667, "x": 0.8, "y": 0.8 }
				]
			},
			"lighting4": {
				"translate": [
					{ "time": 0, "x": 0, "y": 0 },
					{ "time": 0.6667, "x": -386.3, "y": -58.53 }
				],
				"scale": [
					{ "time": 0, "x": -0.003, "y": -0.003 },
					{ "time": 0.6667, "x": 1, "y": 1 }
				]
			},
			"lighting5": {
				"translate": [
					{ "time": 0, "x": 0, "y": 0 },
					{ "time": 0.6667, "x": -318.01, "y": 17.56 }
				],
				"scale": [
					{ "time": 0, "x": -0.003, "y": -0.003 },
					{ "time": 0.6667, "x": 0.5, "y": 0.5 }
				]
			},
			"lighting6": {
				"translate": [
					{ "time": 0, "x": 0, "y": 0 },
					{ "time": 0.6667, "x": -35.12, "y": -278.99 }
				],
				"scale": [
					{ "time": 0, "x": -0.003, "y": -0.003 },
					{ "time": 0.6667, "x": 0.5, "y": 0.5 }
				]
			},
			"lighting7": {
				"translate": [
					{ "time": 0, "x": 0, "y": 0 },
					{ "time": 0.6667, "x": -66.33, "y": -226.32 }
				],
				"scale": [
					{ "time": 0, "x": -0.003, "y": -0.003 },
					{ "time": 0.6667, "x": 0.3, "y": 0.3 }
				]
			},
			"lighting8": {
				"translate": [
					{ "time": 0, "x": 0, "y": 0 },
					{ "time": 0.6667, "x": -107.31, "y": -202.9 }
				],
				"scale": [
					{ "time": 0, "x": -0.003, "y": -0.003 },
					{ "time": 0.6667, "x": 0.3, "y": 0.3 }
				]
			},
			"lighting9": {
				"translate": [
					{ "time": 0, "x": 0, "y": 0 },
					{ "time": 0.6667, "x": -249.73, "y": -111.21 }
				],
				"scale": [
					{ "time": 0, "x": -0.003, "y": -0.003 },
					{ "time": 0.6667, "x": 0.3, "y": 0.3 }
				]
			},
			"lighting10": {
				"translate": [
					{ "time": 0, "x": 0, "y": 0 },
					{ "time": 0.6667, "x": 158.03, "y": -360.93 }
				],
				"scale": [
					{ "time": 0, "x": -0.003, "y": -0.003 },
					{ "time": 0.6667, "x": 1, "y": 1 }
				]
			},
			"lighting11": {
				"translate": [
					{ "time": 0, "x": 0, "y": 0 },
					{ "time": 0.6667, "x": 42.92, "y": -335.57 }
				],
				"scale": [
					{ "time": 0, "x": -0.003, "y": -0.003 },
					{ "time": 0.6667, "x": 0.5, "y": 0.5 }
				]
			},
			"lighting12": {
				"translate": [
					{ "time": 0, "x": 0, "y": 0 },
					{ "time": 0.6667, "x": 323.87, "y": -226.32 }
				],
				"scale": [
					{ "time": 0, "x": -0.003, "y": -0.003 },
					{ "time": 0.6667, "x": 0.5, "y": 0.5 }
				]
			},
			"lighting13": {
				"translate": [
					{ "time": 0, "x": 0, "y": 0 },
					{ "time": 0.6667, "x": 278.99, "y": -212.66 }
				],
				"scale": [
					{ "time": 0, "x": -0.003, "y": -0.003 },
					{ "time": 0.6667, "x": 0.8, "y": 0.8 }
				]
			},
			"lighting14": {
				"translate": [
					{ "time": 0, "x": 0, "y": 0 },
					{ "time": 0.6667, "x": 366.79, "y": -72.19 }
				],
				"scale": [
					{ "time": 0, "x": -0.003, "y": -0.003 },
					{ "time": 0.6667, "x": 1, "y": 1 }
				]
			},
			"lighting15": {
				"translate": [
					{ "time": 0, "x": 0, "y": 0 },
					{ "time": 0.6667, "x": 277.04, "y": -48.77 }
				],
				"scale": [
					{ "time": 0, "x": -0.003, "y": -0.003 },
					{ "time": 0.6667, "x": 0.5, "y": 0.5 }
				]
			},
			"lighting16": {
				"translate": [
					{ "time": 0, "x": 0, "y": 0 },
					{ "time": 0.6667, "x": 197.05, "y": -193.15 }
				],
				"scale": [
					{ "time": 0, "x": -0.003, "y": -0.003 },
					{ "time": 0.6667, "x": 0.5, "y": 0.5 }
				]
			},
			"lighting17": {
				"translate": [
					{ "time": 0, "x": 0, "y": 0 },
					{ "time": 0.6667, "x": 122.91, "y": -224.37 }
				],
				"scale": [
					{ "time": 0, "x": -0.003, "y": -0.003 },
					{ "time": 0.6667, "x": 0.3, "y": 0.3 }
				]
			},
			"lighting18": {
				"translate": [
					{ "time": 0, "x": 0, "y": 0 },
					{ "time": 0.6667, "x": 23.41, "y": -220.46 }
				],
				"scale": [
					{ "time": 0, "x": -0.003, "y": -0.003 },
					{ "time": 0.6667, "x": 0.3, "y": 0.3 }
				]
			},
			"lighting19": {
				"translate": [
					{ "time": 0, "x": 0, "y": 0 },
					{ "time": 0.6667, "x": 230.22, "y": -87.8 }
				],
				"scale": [
					{ "time": 0, "x": -0.003, "y": -0.003 },
					{ "time": 0.6667, "x": 0.3, "y": 0.3 }
				]
			}
		}
	},
	"idle": {}
}
}