{"skeleton":{"hash":"dHfTSnD9Cpd9vM+UUAy1U8pWL10","spine":"3.7.93","width":122.39,"height":130.51,"images":"","audio":"/Users/sam/Documents/JOB/Lô Đề/Effect/Xiu_Effect"},"bones":[{"name":"root"},{"name":"Rank1","parent":"root"},{"name":"1","parent":"Rank1","x":2},{"name":"blur","parent":"Rank1","scaleX":0.38,"scaleY":0.38,"color":"fffaed00"},{"name":"light","parent":"Rank1","scaleX":0.38,"scaleY":0.38},{"name":"light2","parent":"Rank1","x":6.73,"y":-12.49,"scaleX":0.49,"scaleY":0.49},{"name":"light3","parent":"Rank1","x":8.73,"y":-12.49,"scaleX":0.49,"scaleY":0.49},{"name":"light4","parent":"Rank1","x":6.73,"y":-12.49,"scaleX":0.49,"scaleY":0.49},{"name":"light5","parent":"Rank1","x":6.73,"y":-12.49,"scaleX":0.49,"scaleY":0.49},{"name":"light6","parent":"Rank1","x":6.73,"y":-12.49,"scaleX":0.49,"scaleY":0.49},{"name":"light7","parent":"Rank1","x":6.73,"y":-12.49,"scaleX":0.49,"scaleY":0.49},{"name":"light8","parent":"Rank1","x":6.73,"y":-12.49,"scaleX":0.49,"scaleY":0.49},{"name":"light9","parent":"Rank1","x":6.73,"y":-12.49,"scaleX":0.49,"scaleY":0.49},{"name":"light10","parent":"Rank1","x":6.73,"y":-12.49,"scaleX":0.49,"scaleY":0.49},{"name":"light11","parent":"Rank1","x":6.73,"y":-12.49,"scaleX":0.49,"scaleY":0.49},{"name":"1A","parent":"Rank1","x":2},{"name":"start","parent":"Rank1","x":-36.56,"y":27.24,"scaleX":0.49,"scaleY":0.49},{"name":"start2","parent":"Rank1","x":37.34,"y":-42.37,"scaleX":0.392,"scaleY":0.392},{"name":"start3","parent":"Rank1","x":-33.09,"y":-31.29,"scaleX":0.245,"scaleY":0.245},{"name":"2","parent":"Rank1","x":2},{"name":"Rank2","parent":"Rank1","scaleX":0.38,"scaleY":0.38},{"name":"start4","parent":"Rank1","x":-36.56,"y":27.24,"scaleX":0.49,"scaleY":0.49},{"name":"start5","parent":"Rank1","x":37.34,"y":-42.37,"scaleX":0.392,"scaleY":0.392},{"name":"start6","parent":"Rank1","x":-33.09,"y":-31.29,"scaleX":0.245,"scaleY":0.245},{"name":"start7","parent":"Rank1","x":32.89,"y":17.78,"scaleX":0.245,"scaleY":0.245}],"slots":[{"name":"Blur","bone":"blur","attachment":"Blur"},{"name":"Light","bone":"start","attachment":"Light"},{"name":"Light2","bone":"start2","attachment":"Light"},{"name":"Light3","bone":"start3","attachment":"Light"},{"name":"Light1","bone":"light","attachment":"Light1"},{"name":"Lighht2","bone":"light2","attachment":"Lighht2"},{"name":"Lighht4","bone":"light4","attachment":"Lighht2"},{"name":"Lighht5","bone":"light5","attachment":"Lighht2"},{"name":"Lighht6","bone":"light6","attachment":"Lighht2"},{"name":"Lighht7","bone":"light7","attachment":"Lighht2"},{"name":"Lighht8","bone":"light8","attachment":"Lighht2"},{"name":"Lighht9","bone":"light9","attachment":"Lighht2"},{"name":"Lighht10","bone":"light10","attachment":"Lighht2"},{"name":"Lighht11","bone":"light11","attachment":"Lighht2"},{"name":"Lighht3","bone":"light3","attachment":"Lighht2"},{"name":"1","bone":"1","attachment":"1"},{"name":"LoeBac","bone":"Rank2","attachment":"LoeBac"},{"name":"1A","bone":"1A"},{"name":"1 copy","bone":"2","attachment":"1 copy"},{"name":"LightBach2","bone":"start4","attachment":"LightBach"},{"name":"LightBach3","bone":"start5","attachment":"LightBach"},{"name":"LightBach4","bone":"start6","attachment":"LightBach"},{"name":"LightBach5","bone":"start7","attachment":"LightBach"}],"skins":{"default":{"1":{"1":{"x":-2,"scaleX":0.8,"scaleY":0.8,"width":93,"height":92}},"1 copy":{"1 copy":{"scaleX":0.8,"scaleY":0.8,"width":93,"height":92}},"Blur":{"Blur":{"x":-2,"width":295,"height":293}},"Lighht10":{"Lighht2":{"x":-2,"scaleX":0.2,"scaleY":0.2,"width":73,"height":72}},"Lighht11":{"Lighht2":{"x":-2,"scaleX":0.2,"scaleY":0.2,"width":73,"height":72}},"Lighht2":{"Lighht2":{"x":-2,"scaleX":0.2,"scaleY":0.2,"width":73,"height":72}},"Lighht3":{"Lighht2":{"x":-2,"scaleX":-0.5,"scaleY":0.5,"width":73,"height":72}},"Lighht4":{"Lighht2":{"x":-2,"scaleX":0.2,"scaleY":0.2,"width":73,"height":72}},"Lighht5":{"Lighht2":{"x":-2,"scaleX":0.2,"scaleY":0.2,"width":73,"height":72}},"Lighht6":{"Lighht2":{"x":-2,"scaleX":0.2,"scaleY":0.2,"width":73,"height":72}},"Lighht7":{"Lighht2":{"x":-2,"scaleX":0.2,"scaleY":0.2,"width":73,"height":72}},"Lighht8":{"Lighht2":{"x":-2,"scaleX":0.2,"scaleY":0.2,"width":73,"height":72}},"Lighht9":{"Lighht2":{"x":-2,"scaleX":0.2,"scaleY":0.2,"width":73,"height":72}},"Light":{"Light":{"x":-2,"width":103,"height":138}},"Light1":{"Light1":{"x":-2,"width":311,"height":301}},"Light2":{"Light":{"x":0.19,"width":103,"height":138}},"Light3":{"Light":{"x":-2,"width":103,"height":138}},"LightBach2":{"LightBach":{"x":1.02,"width":103,"height":138}},"LightBach3":{"LightBach":{"x":1.27,"width":103,"height":138}},"LightBach4":{"LightBach":{"x":2.04,"width":103,"height":138}},"LightBach5":{"LightBach":{"x":2.04,"width":103,"height":138}},"LoeBac":{"LoeBac":{"x":1.32,"y":1.32,"width":311,"height":301}}}},"animations":{"Rank1":{"slots":{"1":{"color":[{"time":0.1667,"color":"ffffffff"},{"time":0.9333,"color":"fff29aff"},{"time":1.1667,"color":"ffffffff"}]},"1 copy":{"color":[{"time":0,"color":"ffffff00"}]},"1A":{"color":[{"time":0,"color":"ffffff01","curve":"stepped"},{"time":0.7333,"color":"ffffff01"},{"time":0.8667,"color":"ffffffff"},{"time":1.0333,"color":"ffffff00"}]},"Blur":{"color":[{"time":0.6667,"color":"eb2929ff"}]},"Lighht2":{"color":[{"time":0.6667,"color":"ffffff00"}]},"Lighht3":{"color":[{"time":0.2667,"color":"ffffffff"},{"time":1.3333,"color":"ffffff00"}]},"Lighht4":{"color":[{"time":0.3333,"color":"ffffffff"},{"time":0.8333,"color":"fffdfdff"},{"time":1.3333,"color":"00000000"}]},"Lighht5":{"color":[{"time":0.5667,"color":"ffffffff"},{"time":0.9,"color":"ffffff00"}]},"Lighht6":{"color":[{"time":0.2333,"color":"ffffffff"},{"time":1.3333,"color":"ffffff00"}]},"Lighht7":{"color":[{"time":0.5333,"color":"ffffffff"},{"time":1.3333,"color":"ffffff00"}]},"Lighht8":{"color":[{"time":0.4333,"color":"ffffffff"},{"time":1.3333,"color":"ffffff00"}]},"Lighht9":{"color":[{"time":0.2,"color":"ffffffff"},{"time":1.2,"color":"ffffff00"}]},"Lighht10":{"color":[{"time":0.6667,"color":"ffffffff"},{"time":1.3333,"color":"ffffff00"}]},"Lighht11":{"color":[{"time":0,"color":"ffffffff"},{"time":1.3333,"color":"ffffff00"}]},"Light":{"color":[{"time":0,"color":"ffffff00"},{"time":0.4667,"color":"ffffffff"},{"time":0.8667,"color":"ffffff00"}]},"Light2":{"color":[{"time":0,"color":"ffffff00"},{"time":0.5333,"color":"ffffffff"},{"time":1,"color":"ffffff00"}]},"Light3":{"color":[{"time":0,"color":"ffffff00","curve":"stepped"},{"time":0.7,"color":"ffffff00"},{"time":1.0333,"color":"ffffffff"},{"time":1.3333,"color":"ffffff00"}]},"LightBach2":{"color":[{"time":0,"color":"ffffff00"}]},"LightBach3":{"color":[{"time":0,"color":"ffffff00"}]},"LightBach4":{"color":[{"time":0,"color":"ffffff00"}]},"LightBach5":{"color":[{"time":0,"color":"ffffff00"}]},"LoeBac":{"color":[{"time":0,"color":"ffffff00"}]}},"bones":{"1":{"scale":[{"time":0,"x":1.2,"y":1.2},{"time":0.1667,"x":1,"y":1,"curve":"stepped"},{"time":1.1667,"x":1,"y":1},{"time":1.3333,"x":1.2,"y":1.2}]},"blur":{"scale":[{"time":0,"x":1,"y":1},{"time":0.3333,"x":0.6,"y":0.6},{"time":0.6667,"x":1,"y":1},{"time":1,"x":0.6,"y":0.6},{"time":1.3333,"x":1,"y":1}]},"light":{"rotate":[{"time":0,"angle":0},{"time":0.3333,"angle":-91.2},{"time":0.6667,"angle":180},{"time":1,"angle":89.4},{"time":1.3333,"angle":0}],"scale":[{"time":0,"x":1,"y":1},{"time":0.3333,"x":0.9,"y":0.9},{"time":0.6667,"x":1,"y":1},{"time":1,"x":0.9,"y":0.9},{"time":1.3333,"x":1,"y":1}]},"light2":{"translate":[{"time":0,"x":0,"y":0},{"time":0.6667,"x":33.96,"y":55.46}],"scale":[{"time":0,"x":1,"y":1},{"time":0.3333,"x":1.3,"y":1.3},{"time":0.6667,"x":1,"y":1}]},"light3":{"translate":[{"time":0.2667,"x":0,"y":0},{"time":1.3333,"x":-67.81,"y":52.86}],"scale":[{"time":0.2667,"x":1,"y":1},{"time":0.7667,"x":0.8,"y":0.8},{"time":1.3333,"x":0.2,"y":0.2}]},"light4":{"translate":[{"time":0.3333,"x":0,"y":0},{"time":1.3333,"x":-47.09,"y":-43.03}],"scale":[{"time":0.3333,"x":1,"y":1},{"time":0.8333,"x":1.1,"y":1.1}]},"light5":{"translate":[{"time":0.2,"x":0,"y":0},{"time":0.9,"x":76.26,"y":-70.16}]},"light6":{"translate":[{"time":0.2333,"x":0,"y":0},{"time":1.3333,"x":-25.94,"y":-57.01}],"scale":[{"time":0.2333,"x":1,"y":1},{"time":0.9,"x":1.1,"y":1.1}]},"light7":{"translate":[{"time":0,"x":0,"y":-1.5,"curve":"stepped"},{"time":0.5333,"x":0,"y":-1.5},{"time":1.3333,"x":16.72,"y":-61.72}]},"light8":{"translate":[{"time":0.4333,"x":0,"y":0},{"time":1.3333,"x":-2.57,"y":89.81}],"scale":[{"time":0.9,"x":1,"y":1},{"time":1.3333,"x":0.3,"y":0.3}]},"light9":{"translate":[{"time":0.2,"x":0,"y":0},{"time":1.2,"x":44.81,"y":71.6}],"scale":[{"time":0,"x":1,"y":1},{"time":0.2,"x":1.3,"y":1.3},{"time":1.2,"x":0.3,"y":0.3}]},"light10":{"translate":[{"time":0,"x":0,"y":0},{"time":1.3333,"x":63.87,"y":28.94}],"scale":[{"time":0,"x":1,"y":1},{"time":0.6667,"x":1.2,"y":1.2},{"time":1.3333,"x":0.4,"y":0.4}]},"light11":{"translate":[{"time":0.2667,"x":0,"y":0},{"time":1.3333,"x":-57.57,"y":78.05}]},"start":{"rotate":[{"time":0,"angle":0},{"time":0.8667,"angle":105.6}],"scale":[{"time":0,"x":0,"y":0},{"time":0.4667,"x":0.6,"y":0.6},{"time":0.8667,"x":0,"y":0}]},"start2":{"rotate":[{"time":0,"angle":0},{"time":1,"angle":133.8}],"scale":[{"time":0,"x":1,"y":1},{"time":1,"x":0,"y":0}]},"start3":{"rotate":[{"time":0.7,"angle":0},{"time":1.0333,"angle":75.32},{"time":1.3333,"angle":143.1}],"scale":[{"time":0,"x":1,"y":1},{"time":0.7,"x":0,"y":0},{"time":1.0333,"x":1,"y":1},{"time":1.3333,"x":0,"y":0}]},"2":{"scale":[{"time":0,"x":1.2,"y":1.2}]},"start4":{"scale":[{"time":0,"x":0,"y":0}]}}},"Rank2":{"slots":{"1":{"color":[{"time":0,"color":"ffffff00"}]},"1A":{"color":[{"time":0,"color":"ffffff01","curve":"stepped"},{"time":0.7333,"color":"ffffff01"},{"time":0.8667,"color":"ffffffff"},{"time":1.0333,"color":"ffffff00"}]},"Blur":{"color":[{"time":0,"color":"ffffff00"}]},"Light":{"color":[{"time":0,"color":"ffffff00"}]},"Light1":{"color":[{"time":0,"color":"ffffff00"}]},"Light2":{"color":[{"time":0,"color":"ffffff00"}]},"Light3":{"color":[{"time":0,"color":"ffffff00"}]}},"bones":{"2":{"scale":[{"time":0,"x":1.2,"y":1.2}]},"Rank2":{"rotate":[{"time":0,"angle":0},{"time":0.3333,"angle":-91.2},{"time":0.6667,"angle":180},{"time":1,"angle":89.4},{"time":1.3333,"angle":0}],"scale":[{"time":0,"x":1,"y":1},{"time":0.3333,"x":0.9,"y":0.9},{"time":0.6667,"x":1,"y":1},{"time":1,"x":0.9,"y":0.9},{"time":1.3333,"x":1,"y":1}]},"start5":{"rotate":[{"time":0,"angle":0},{"time":1,"angle":133.8}],"scale":[{"time":0,"x":1,"y":1},{"time":1,"x":0,"y":0}]},"start6":{"rotate":[{"time":0.7,"angle":0},{"time":1.0333,"angle":75.32},{"time":1.3333,"angle":143.1}],"scale":[{"time":0,"x":1,"y":1},{"time":0.7,"x":0,"y":0},{"time":1.0333,"x":1,"y":1},{"time":1.3333,"x":0,"y":0}]},"start4":{"rotate":[{"time":0,"angle":0},{"time":1,"angle":133.8}],"scale":[{"time":0,"x":1,"y":1},{"time":1,"x":0,"y":0}]},"start7":{"rotate":[{"time":0.4333,"angle":0},{"time":1.0333,"angle":75.32},{"time":1.3333,"angle":143.1}],"scale":[{"time":0,"x":1,"y":1},{"time":0.4333,"x":0,"y":0},{"time":1.0333,"x":1,"y":1},{"time":1.3333,"x":0,"y":0}]}}}}}