{
"skeleton": { "hash": "NIGO91GyBzG5oVym23t2Ut/zApI", "spine": "3.7.94", "width": 447, "height": 557, "images": "./images/", "audio": "" },
"bones": [
	{ "name": "root" },
	{ "name": "lighting02", "parent": "root", "x": -2.85, "y": -6.48 },
	{ "name": "HopLacXiNgau", "parent": "root", "x": -4.23, "y": -84.33 },
	{ "name": "Nap-Blur-01", "parent": "HopLacXiNgau", "x": -5.82, "y": 106.65 },
	{ "name": "Nap-Blur-02", "parent": "HopLacXiNgau", "x": -9.69, "y": 263.7 },
	{ "name": "Light-03", "parent": "root", "rotation": -90, "scaleX": 1.252, "color": "ff0000ff" },
	{ "name": "NapHop", "parent": "HopLacXiNgau", "length": 57.26, "rotation": -90, "x": -0.43, "y": 446.86 }
],
"slots": [
	{ "name": "Nap-Blur-01", "bone": "Nap-Blur-01", "color": "ffffffa5" },
	{ "name": "Nap-Blur-02", "bone": "Nap-Blur-02", "color": "ffffff87" },
	{ "name": "Light-03", "bone": "Light-03", "color": "ffffffce", "blend": "additive" },
	{ "name": "NapHop", "bone": "NapHop", "attachment": "NapHop" }
],
"skins": {
	"default": {
		"Light-03": {
			"Light-03": { "x": -482.92, "rotation": 90, "width": 815, "height": 1513 }
		},
		"NapHop": {
			"NapHop": { "x": 228.75, "y": 4.66, "rotation": 90, "width": 447, "height": 557 }
		}
	}
},
"animations": {
	"idle": {},
	"traKQ_sangtren": {
		"slots": {
			"Light-03": {
				"color": [
					{ "time": 0, "color": "ffffff00" },
					{ "time": 0.6667, "color": "ffffff9e", "curve": "stepped" },
					{ "time": 1.1667, "color": "ffffff9e" },
					{ "time": 1.5, "color": "ffffff00" }
				],
				"attachment": [
					{ "time": 0, "name": "Light-03" }
				]
			},
			"NapHop": {
				"color": [
					{ "time": 1.2667, "color": "ffffffff" },
					{ "time": 1.6, "color": "ffffff00" }
				]
			}
		},
		"bones": {
			"lighting02": {
				"scale": [
					{ "time": 0, "x": 0, "y": 0 }
				]
			},
			"Light-03": {
				"translate": [
					{ "time": 0, "x": 0, "y": 9.34 },
					{ "time": 0.6667, "x": 8.44, "y": 6.74 },
					{ "time": 1.5, "x": 16.84, "y": 6.74 }
				],
				"scale": [
					{ "time": 0, "x": 0, "y": 0 },
					{ "time": 0.6667, "x": 1, "y": 1 }
				]
			},
			"NapHop": {
				"translate": [
					{
						"time": 0,
						"x": 0,
						"y": 0,
						"curve": [ 0.25, 0, 0.75, 1 ]
					},
					{ "time": 0.6667, "x": -12.61, "y": 1451.64 }
				]
			}
		}
	},
	"traKQ_uplai": {
		"bones": {
			"NapHop": {
				"translate": [
					{
						"time": 0,
						"x": -12.61,
						"y": 1451.64,
						"curve": [ 0.822, 0.17, 0.75, 1 ]
					},
					{ "time": 0.5, "x": 0, "y": 0, "curve": "stepped" },
					{ "time": 0.8333, "x": 0, "y": 0 }
				]
			}
		}
	}
}
}