{
"skeleton": { "hash": "yflCKdXWIeQ3pL4TPQjEKlOnss4", "spine": "3.7.94", "width": 467, "height": 624, "images": "./images/", "audio": "F:/DIEM/Sicbo/Animation/lac_xi_ngau2/lac_xi_ngau" },
"bones": [
	{ "name": "root" },
	{ "name": "HopLacXiNgau", "parent": "root", "x": -4.23, "y": -84.33 },
	{ "name": "Nap-Blur-01", "parent": "HopLacXiNgau", "x": -5.82, "y": 106.65 },
	{ "name": "Nap-Blur-02", "parent": "HopLacXiNgau", "x": -9.69, "y": 263.7 },
	{ "name": "NapHop", "parent": "HopLacXiNgau", "length": 57.26, "rotation": 88.03, "x": 3.24, "y": -30.11 }
],
"slots": [
	{ "name": "NapHop", "bone": "NapHop", "attachment": "NapHop" },
	{ "name": "Nap-Blur-01", "bone": "Nap-Blur-01", "color": "ffffffa5" },
	{ "name": "Nap-Blur-02", "bone": "Nap-Blur-02", "color": "ffffff87" }
],
"skins": {
	"default": {
		"Nap-Blur-01": {
			"Nap-Blur-01": { "x": 10.05, "y": -22.32, "width": 467, "height": 624 }
		},
		"Nap-Blur-02": {
			"Nap-Blur-02": { "x": 13.93, "y": -179.38, "width": 467, "height": 624 }
		},
		"NapHop": {
			"NapHop": { "x": 114.4, "y": 2.95, "rotation": -88.03, "width": 467, "height": 624 }
		}
	}
},
"animations": {
	"idle": {},
	"lacxingau5": {
		"slots": {
			"Nap-Blur-01": {
				"attachment": [
					{ "time": 0.2, "name": "Nap-Blur-01" },
					{ "time": 1.1667, "name": null }
				]
			},
			"Nap-Blur-02": {
				"attachment": [
					{ "time": 0.2, "name": "Nap-Blur-02" },
					{ "time": 1.1667, "name": null }
				]
			}
		},
		"bones": {
			"HopLacXiNgau": {
				"rotate": [
					{
						"time": 0.1667,
						"angle": 0,
						"curve": [ 0.276, 0, 0.621, 0.4 ]
					},
					{ "time": 0.2667, "angle": -14.23 },
					{ "time": 0.3667, "angle": 17.39 },
					{ "time": 0.4667, "angle": -14.23 },
					{ "time": 0.5667, "angle": 17.39 },
					{ "time": 0.6667, "angle": -14.23 },
					{ "time": 0.7667, "angle": 17.39 },
					{ "time": 0.8667, "angle": -14.23 },
					{ "time": 0.9667, "angle": 17.39 },
					{ "time": 1.0667, "angle": -14.23 },
					{ "time": 1.1667, "angle": 0 }
				],
				"translate": [
					{
						"time": 0,
						"x": 0,
						"y": 0,
						"curve": [ 0, 0.4, 0.421, 1 ]
					},
					{ "time": 0.1667, "x": 0, "y": 153.45, "curve": "stepped" },
					{
						"time": 1.2667,
						"x": 0,
						"y": 153.45,
						"curve": [ 0.73, 0, 1, 0.52 ]
					},
					{ "time": 1.4667, "x": 0, "y": 0 },
					{ "time": 1.5667, "x": 0, "y": -7.83 },
					{ "time": 1.6667, "x": 0, "y": 0 }
				],
				"scale": [
					{ "time": 1.4667, "x": 1, "y": 1 },
					{ "time": 1.5667, "x": 1, "y": 0.862 },
					{ "time": 1.6667, "x": 1, "y": 1 }
				]
			}
		}
	}
}
}