{
"skeleton": {
	"hash": "w2Kf1tAd91bss/umJGMYcrNm1e4",
	"spine": "3.6.53",
	"width": 138.98,
	"height": 128.22,
	"images": "C:/Users/pnh16/OneDrive/Desktop"
},
"bones": [
	{ "name": "root" },
	{ "name": "2-4", "parent": "root", "rotation": -33.05, "x": -40.92, "y": 27.33, "scaleX": 1.526, "scaleY": 2.596 },
	{ "name": "bone", "parent": "root" }
],
"slots": [
	{ "name": "gilf", "bone": "bone", "attachment": "gilf" },
	{ "name": "1", "bone": "root", "attachment": "1" },
	{ "name": "2-4", "bone": "2-4", "attachment": "2-4" }
],
"skins": {
	"default": {
		"1": {
			"1": {
				"type": "clipping",
				"end": "2-4",
				"vertexCount": 40,
				"vertices": [ -19.33, 5.69, -20.76, 9.81, -16.72, 11.4, -16.72, 16.53, -11.85, 16.53, -10.68, 20.56, -6.06, 19.89, -3.2, 23.41, 0.58, 20.47, 4.19, 23.41, 6.88, 19.55, 11.84, 20.73, 13.18, 16.11, 17.8, 16.53, 18.22, 11.49, 21.92, 9.81, 20.74, 5.1, 24.44, 2.25, 21.41, -1.03, 24.02, -4.73, 20.32, -7.33, 21.83, -12.12, 17.46, -13.55, 17.3, -18.67, 13.01, -18.17, 11.58, -22.95, 7.55, -21.27, 4.28, -25.64, 0.83, -22.2, -2.95, -25.56, -5.64, -20.94, -10.09, -22.95, -11.18, -18.59, -16.05, -18.17, -16.3, -13.71, -20.92, -12.12, -19.16, -7.25, -23.7, -4.47, -20, -0.86, -23.19, 3.09 ],
				"color": "ce3a3aff"
			}
		},
		"2-4": {
			"2-4": { "x": -1.93, "y": 2.2, "width": 63, "height": 26 }
		},
		"gilf": {
			"gilf": { "width": 80, "height": 80 }
		}
	}
},
"animations": {
	"animation": {
		"slots": {
			"2-4": {
				"color": [
					{ "time": 0, "color": "ffffff00" },
					{ "time": 0.3333, "color": "ffffffee", "curve": "stepped" },
					{ "time": 0.6667, "color": "ffffffee" },
					{ "time": 1, "color": "ffffff00" }
				]
			}
		},
		"bones": {
			"bone": {
				"scale": [
					{
						"time": 0,
						"x": 1,
						"y": 1,
						"curve": [ 0.25, 0, 0.75, 1 ]
					},
					{
						"time": 0.3333,
						"x": 1.1,
						"y": 1.1,
						"curve": [ 0.25, 0, 0.75, 1 ]
					},
					{
						"time": 0.6667,
						"x": 1,
						"y": 1,
						"curve": [ 0.25, 0, 0.75, 1 ]
					},
					{
						"time": 1,
						"x": 1.085,
						"y": 1.085,
						"curve": [ 0.25, 0, 0.75, 1 ]
					},
					{
						"time": 1.3333,
						"x": 1,
						"y": 1,
						"curve": [ 0.25, 0, 0.75, 1 ]
					},
					{
						"time": 1.6667,
						"x": 1.1,
						"y": 1.1,
						"curve": [ 0.25, 0, 0.75, 1 ]
					},
					{ "time": 2, "x": 1, "y": 1 }
				]
			},
			"2-4": {
				"translate": [
					{ "time": 0.1667, "x": 0, "y": 0 },
					{ "time": 0.8333, "x": 78.98, "y": -51.4 }
				]
			}
		}
	}
}
}